Entity,Day,"Daily new confirmed deaths due to COVID-19 per million people (rolling 7-day average, right-aligned)"
Canada,1/28/2020,0
Canada,1/29/2020,0
Canada,1/30/2020,0
Canada,1/31/2020,0
Canada,2/1/2020,0
Canada,2/2/2020,0
Canada,2/3/2020,0
Canada,2/4/2020,0
Canada,2/5/2020,0
Canada,2/6/2020,0
Canada,2/7/2020,0
Canada,2/8/2020,0
Canada,2/9/2020,0
Canada,2/10/2020,0
Canada,2/11/2020,0
Canada,2/12/2020,0
Canada,2/13/2020,0
Canada,2/14/2020,0
Canada,2/15/2020,0
Canada,2/16/2020,0
Canada,2/17/2020,0
Canada,2/18/2020,0
Canada,2/19/2020,0
Canada,2/20/2020,0
Canada,2/21/2020,0
Canada,2/22/2020,0
Canada,2/23/2020,0
Canada,2/24/2020,0
Canada,2/25/2020,0
Canada,2/26/2020,0
Canada,2/27/2020,0
Canada,2/28/2020,0
Canada,2/29/2020,0
Canada,3/1/2020,0
Canada,3/2/2020,0
Canada,3/3/2020,0
Canada,3/4/2020,0
Canada,3/5/2020,0
Canada,3/6/2020,0
Canada,3/7/2020,0
Canada,3/8/2020,0
Canada,3/9/2020,0
Canada,3/10/2020,0.003679874
Canada,3/11/2020,0.003679874
Canada,3/12/2020,0.003679874
Canada,3/13/2020,0.003679874
Canada,3/14/2020,0.003679874
Canada,3/15/2020,0.003679874
Canada,3/16/2020,0.003679874
Canada,3/17/2020,0
Canada,3/18/2020,0.011039621
Canada,3/19/2020,0.022079242
Canada,3/20/2020,0.025759116
Canada,3/21/2020,0.033118863
Canada,3/22/2020,0.036798738
Canada,3/23/2020,0.05151823
Canada,3/24/2020,0.05151823
Canada,3/25/2020,0.05151823
Canada,3/26/2020,0.044158485
Canada,3/27/2020,0.05151823
Canada,3/28/2020,0.05151823
Canada,3/29/2020,0.08831697
Canada,3/30/2020,0.09567671
Canada,3/31/2020,0.099356584
Canada,4/1/2020,0.1398352
Canada,4/2/2020,0.16191444
Canada,4/3/2020,0.18399368
Canada,4/4/2020,0.4195056
Canada,4/5/2020,0.5593408
Canada,4/6/2020,0.699176
Canada,4/7/2020,0.8758099
Canada,4/8/2020,0.98252624
Canada,4/9/2020,1.16284
Canada,4/10/2020,1.3321142
Canada,4/11/2020,1.3615532
Canada,4/12/2020,1.4020319
Canada,4/13/2020,1.5492268
Canada,4/14/2020,1.604425
Canada,4/15/2020,1.6780224
Canada,4/16/2020,1.9245739
Canada,4/17/2020,2.1159272
Canada,4/18/2020,2.5133536
Canada,4/19/2020,2.7157466
Canada,4/20/2020,2.9880574
Canada,4/21/2020,3.1683712
Canada,4/22/2020,3.3413253
Canada,4/23/2020,3.4186027
Canada,4/24/2020,3.5400383
Canada,4/25/2020,3.5032396
Canada,4/26/2020,3.6541145
Canada,4/27/2020,3.668834
Canada,4/28/2020,3.5989163
Canada,4/29/2020,3.731392
Canada,4/30/2020,3.7608309
Canada,5/1/2020,3.7497911
Canada,5/2/2020,3.8013093
Canada,5/3/2020,3.9853032
Canada,5/4/2020,4.0294614
Canada,5/5/2020,4.106739
Canada,5/6/2020,4.2024155
Canada,5/7/2020,4.3348913
Canada,5/8/2020,4.5262446
Canada,5/9/2020,4.485766
Canada,5/10/2020,4.320172
Canada,5/11/2020,4.1324983
Canada,5/12/2020,4.3643303
Canada,5/13/2020,4.1803365
Canada,5/14/2020,4.136178
Canada,5/15/2020,3.930105
Canada,5/16/2020,3.904346
Canada,5/17/2020,3.643075
Canada,5/18/2020,3.6209958
Canada,5/19/2020,3.345005
Canada,5/20/2020,3.116853
Canada,5/21/2020,2.7231064
Canada,5/22/2020,2.6679084
Canada,5/23/2020,2.498634
Canada,5/24/2020,2.5243933
Canada,5/25/2020,2.472875
Canada,5/26/2020,2.3477595
Canada,5/27/2020,2.5722318
Canada,5/28/2020,2.6642284
Canada,5/29/2020,2.6936674
Canada,5/30/2020,2.6568687
Canada,5/31/2020,2.6752682
Canada,6/1/2020,2.6421492
Canada,6/2/2020,3.20517
Canada,6/3/2020,2.8739812
Canada,6/4/2020,2.7819846
Canada,6/5/2020,2.6973474
Canada,6/6/2020,2.796704
Canada,6/7/2020,2.6642284
Canada,6/8/2020,2.564872
Canada,6/9/2020,1.8436167
Canada,6/10/2020,1.8583362
Canada,6/11/2020,1.8252174
Canada,6/12/2020,1.6743425
Canada,6/13/2020,1.2916356
Canada,6/14/2020,1.2437973
Canada,6/15/2020,1.2106785
Canada,6/16/2020,1.2585168
Canada,6/17/2020,1.2364376
Canada,6/18/2020,1.1554803
Canada,6/19/2020,1.078203
Canada,6/20/2020,1.1186816
Canada,6/21/2020,1.0929224
Canada,6/22/2020,1.1113218
Canada,6/23/2020,1.0303646
Canada,6/24/2020,0.9457275
Canada,6/25/2020,0.87213004
Canada,6/26/2020,0.8279716
Canada,6/27/2020,0.73229486
Canada,6/28/2020,0.57774013
Canada,6/29/2020,0.37166724
Canada,6/30/2020,0.33118862
Canada,7/1/2020,0.47102383
Canada,7/2/2020,0.49310306
Canada,7/3/2020,0.39742634
Canada,7/4/2020,0.49678293
Canada,7/5/2020,0.5593408
Canada,7/6/2020,0.57406026
Canada,7/7/2020,0.5887798
Canada,7/8/2020,0.4599842
Canada,7/9/2020,0.43790495
Canada,7/10/2020,0.52254206
Canada,7/11/2020,0.3900666
Canada,7/12/2020,0.35326788
Canada,7/13/2020,0.3643075
Canada,7/14/2020,0.3643075
Canada,7/15/2020,0.35326788
Canada,7/16/2020,0.31646913
Canada,7/17/2020,0.2649509
Canada,7/18/2020,0.28703013
Canada,7/19/2020,0.29071
Canada,7/20/2020,0.27231064
Canada,7/21/2020,0.25023142
Canada,7/22/2020,0.25023142
Canada,7/23/2020,0.23551191
Canada,7/24/2020,0.22079241
Canada,7/25/2020,0.17295405
Canada,7/26/2020,0.1545547
Canada,7/27/2020,0.13615532
Canada,7/28/2020,0.13615532
Canada,7/29/2020,0.1545547
Canada,7/30/2020,0.18031381
Canada,7/31/2020,0.17663394
Canada,8/1/2020,0.19871317
Canada,8/2/2020,0.1950333
Canada,8/3/2020,0.20239305
Canada,8/4/2020,0.20239305
Canada,8/5/2020,0.16927418
Canada,8/6/2020,0.16927418
Canada,8/7/2020,0.15823457
Canada,8/8/2020,0.13615532
Canada,8/9/2020,0.12879558
Canada,8/10/2020,0.12879558
Canada,8/11/2020,0.13247545
Canada,8/12/2020,0.14719495
Canada,8/13/2020,0.12143583
Canada,8/14/2020,0.16191444
Canada,8/15/2020,0.18031381
Canada,8/16/2020,0.18399368
Canada,8/17/2020,0.17663394
Canada,8/18/2020,0.16559431
Canada,8/19/2020,0.16559431
Canada,8/20/2020,0.19871317
Canada,8/21/2020,0.16191444
Canada,8/22/2020,0.14351507
Canada,8/23/2020,0.16191444
Canada,8/24/2020,0.17295405
Canada,8/25/2020,0.17295405
Canada,8/26/2020,0.18767355
Canada,8/27/2020,0.16559431
Canada,8/28/2020,0.16191444
Canada,8/29/2020,0.17663394
Canada,8/30/2020,0.18031381
Canada,8/31/2020,0.1545547
Canada,9/1/2020,0.16191444
Canada,9/2/2020,0.15823457
Canada,9/3/2020,0.1545547
Canada,9/4/2020,0.15087482
Canada,9/5/2020,0.14351507
Canada,9/6/2020,0.106716335
Canada,9/7/2020,0.114076085
Canada,9/8/2020,0.10303646
Canada,9/9/2020,0.073597476
Canada,9/10/2020,0.07727735
Canada,9/11/2020,0.073597476
Canada,9/12/2020,0.08095722
Canada,9/13/2020,0.08095722
Canada,9/14/2020,0.09567671
Canada,9/15/2020,0.09567671
Canada,9/16/2020,0.12143583
Canada,9/17/2020,0.12879558
Canada,9/18/2020,0.1398352
Canada,9/19/2020,0.13615532
Canada,9/20/2020,0.15087482
Canada,9/21/2020,0.15087482
Canada,9/22/2020,0.16927418
Canada,9/23/2020,0.18031381
Canada,9/24/2020,0.16927418
Canada,9/25/2020,0.18399368
Canada,9/26/2020,0.18031381
Canada,9/27/2020,0.18399368
Canada,9/28/2020,0.18767355
Canada,9/29/2020,0.18399368
Canada,9/30/2020,0.18031381
Canada,10/1/2020,0.20607293
Canada,10/2/2020,0.1950333
Canada,10/3/2020,0.2539113
Canada,10/4/2020,0.56302065
Canada,10/5/2020,0.73229486
Canada,10/6/2020,0.78381306
Canada,10/7/2020,0.83165145
Canada,10/8/2020,0.8794898
Canada,10/9/2020,0.89788914
Canada,10/10/2020,0.8647703
Canada,10/11/2020,0.6439779
Canada,10/12/2020,0.5335817
Canada,10/13/2020,0.48206344
Canada,10/14/2020,0.45630434
Canada,10/15/2020,0.44894457
Canada,10/16/2020,0.4452647
Canada,10/17/2020,0.52622193
Canada,10/18/2020,0.50046283
Canada,10/19/2020,0.50046283
Canada,10/20/2020,0.5335817
Canada,10/21/2020,0.5409414
Canada,10/22/2020,0.5078226
Canada,10/23/2020,0.5998194
Canada,10/24/2020,0.5924597
Canada,10/25/2020,0.5998194
Canada,10/26/2020,0.63293827
Canada,10/27/2020,0.6660571
Canada,10/28/2020,0.699176
Canada,10/29/2020,0.74701434
Canada,10/30/2020,0.72125524
Canada,10/31/2020,0.7543741
Canada,11/1/2020,0.7948527
Canada,11/2/2020,0.7690936
Canada,11/3/2020,0.8390112
Canada,11/4/2020,0.8353313
Canada,11/5/2020,0.99356586
Canada,11/6/2020,1.1002822
Canada,11/7/2020,1.1113218
Canada,11/8/2020,1.1775596
Canada,11/9/2020,1.2842759
Canada,11/10/2020,1.2437973
Canada,11/11/2020,1.3026752
Canada,11/12/2020,1.2916356
Canada,11/13/2020,1.2769161
Canada,11/14/2020,1.4167514
Canada,11/15/2020,1.4388306
Canada,11/16/2020,1.4682696
Canada,11/17/2020,1.5823456
Canada,11/18/2020,1.6964217
Canada,11/19/2020,1.6559432
Canada,11/20/2020,1.8215375
Canada,11/21/2020,1.8068179
Canada,11/22/2020,1.8399369
Canada,11/23/2020,1.8767356
Canada,11/24/2020,1.8215375
Canada,11/25/2020,1.7847387
Canada,11/26/2020,1.9282538
Canada,11/27/2020,1.9061745
Canada,11/28/2020,1.9356135
Canada,11/29/2020,2.0276103
Canada,11/30/2020,2.1048877
Canada,12/1/2020,2.2005644
Canada,12/2/2020,2.2079241
Canada,12/3/2020,2.1527262
Canada,12/4/2020,2.2336833
Canada,12/5/2020,2.2152839
Canada,12/6/2020,2.1932046
Canada,12/7/2020,2.2520826
Canada,12/8/2020,2.296241
Canada,12/9/2020,2.362479
Canada,12/10/2020,2.391918
Canada,12/11/2020,2.3992777
Canada,12/12/2020,2.5538323
Canada,12/13/2020,2.7525454
Canada,12/14/2020,2.8151033
Canada,12/15/2020,2.8482223
Canada,12/16/2020,2.8335028
Canada,12/17/2020,2.8887007
Canada,12/18/2020,2.973338
Canada,12/19/2020,2.943899
Canada,12/20/2020,2.8739812
Canada,12/21/2020,2.9328592
Canada,12/22/2020,2.8776612
Canada,12/23/2020,2.8335028
Canada,12/24/2020,2.793024
Canada,12/25/2020,2.9034202
Canada,12/26/2020,3.0358958
Canada,12/27/2020,2.8960605
Canada,12/28/2020,2.9880574
Canada,12/29/2020,3.0800543
Canada,12/30/2020,3.2493284
Canada,12/31/2020,3.4811604
Canada,1/1/2021,3.20517
Canada,1/2/2021,3.1242127
Canada,1/3/2021,3.3045266
Canada,1/4/2021,2.995417
Canada,1/5/2021,2.759905
Canada,1/6/2021,3.1058133
Canada,1/7/2021,3.1058133
Canada,1/8/2021,3.260368
Canada,1/9/2021,3.551078
Canada,1/10/2021,3.5253189
Canada,1/11/2021,3.7203522
Canada,1/12/2021,4.0257816
Canada,1/13/2021,3.6909132
Canada,1/14/2021,3.6541145
Canada,1/15/2021,3.701953
Canada,1/16/2021,3.4995599
Canada,1/17/2021,3.7387516
Canada,1/18/2021,3.7976296
Canada,1/19/2021,3.9227452
Canada,1/20/2021,3.7902699
Canada,1/21/2021,3.78291
Canada,1/22/2021,3.9521842
Canada,1/23/2021,3.963224
Canada,1/24/2021,4.014742
Canada,1/25/2021,3.992663
Canada,1/26/2021,3.8528278
Canada,1/27/2021,4.08834
Canada,1/28/2021,4.158257
Canada,1/29/2021,3.9190655
Canada,1/30/2021,3.812349
Canada,1/31/2021,3.551078
Canada,2/1/2021,3.5289989
Canada,2/2/2021,3.4186027
Canada,2/3/2021,3.2677279
Canada,2/4/2021,2.8997405
Canada,2/5/2021,2.9770176
Canada,2/6/2021,3.0800543
Canada,2/7/2021,2.9328592
Canada,2/8/2021,2.7525454
Canada,2/9/2021,2.653189
Canada,2/10/2021,2.5207133
Canada,2/11/2021,2.5575123
Canada,2/12/2021,2.3440795
Canada,2/13/2021,2.0754488
Canada,2/14/2021,1.9944915
Canada,2/15/2021,1.9392934
Canada,2/16/2021,1.9613726
Canada,2/17/2021,1.8472966
Canada,2/18/2021,1.7626594
Canada,2/19/2021,1.5455469
Canada,2/20/2021,1.4793092
Canada,2/21/2021,1.4940287
Canada,2/22/2021,1.4093916
Canada,2/23/2021,1.3137149
Canada,2/24/2021,1.3578733
Canada,2/25/2021,1.3137149
Canada,2/26/2021,1.3468337
Canada,2/27/2021,1.3247545
Canada,2/28/2021,1.2180382
Canada,3/1/2021,1.1849194
Canada,3/2/2021,1.1554803
Canada,3/3/2021,1.0745231
Canada,3/4/2021,1.0377244
Canada,3/5/2021,1.078203
Canada,3/6/2021,1.0266848
Canada,3/7/2021,1.0009257
Canada,3/8/2021,0.93100804
Canada,3/9/2021,0.9199684
Canada,3/10/2021,0.9236483
Canada,3/11/2021,0.92732817
Canada,3/12/2021,0.8353313
Canada,3/13/2021,0.7948527
Canada,3/14/2021,0.76173383
Canada,3/15/2021,0.7911728
Canada,3/16/2021,0.7948527
Canada,3/17/2021,0.78381306
Canada,3/18/2021,0.75805396
Canada,3/19/2021,0.78381306
Canada,3/20/2021,0.7801332
Canada,3/21/2021,0.7543741
Canada,3/22/2021,0.728615
Canada,3/23/2021,0.73229486
Canada,3/24/2021,0.7911728
Canada,3/25/2021,0.7764533
Canada,3/26/2021,0.73229486
Canada,3/27/2021,0.7249351
Canada,3/28/2021,0.76173383
Canada,3/29/2021,0.77277344
Canada,3/30/2021,0.7506942
Canada,3/31/2021,0.65869737
Canada,4/1/2021,0.68813634
Canada,4/2/2021,0.7175754
Canada,4/3/2021,0.75805396
Canada,4/4/2021,0.73229486
Canada,4/5/2021,0.6918162
Canada,4/6/2021,0.6807766
Canada,4/7/2021,0.7764533
Canada,4/8/2021,0.76173383
Canada,4/9/2021,0.7543741
Canada,4/10/2021,0.7359747
Canada,4/11/2021,0.7690936
Canada,4/12/2021,0.86845016
Canada,4/13/2021,0.89420927
Canada,4/14/2021,0.84269106
Canada,4/15/2021,0.8905294
Canada,4/16/2021,0.9751665
Canada,4/17/2021,1.0340445
Canada,4/18/2021,1.048764
Canada,4/19/2021,1.0671633
Canada,4/20/2021,1.0671633
Canada,4/21/2021,1.133401
Canada,4/22/2021,1.1665199
Canada,4/23/2021,1.1701998
Canada,4/24/2021,1.1738797
Canada,4/25/2021,1.225398
Canada,4/26/2021,1.251157
Canada,4/27/2021,1.2953155
Canada,4/28/2021,1.2695564
Canada,4/29/2021,1.2732363
Canada,4/30/2021,1.2548369
Canada,5/1/2021,1.2658765
France,1/28/2020,0
France,1/29/2020,0
France,1/30/2020,0
France,1/31/2020,0
France,2/1/2020,0
France,2/2/2020,0
France,2/3/2020,0
France,2/4/2020,0
France,2/5/2020,0
France,2/6/2020,0
France,2/7/2020,0
France,2/8/2020,0
France,2/9/2020,0
France,2/10/2020,0
France,2/11/2020,0
France,2/12/2020,0
France,2/13/2020,0
France,2/14/2020,0
France,2/15/2020,0
France,2/16/2020,0
France,2/17/2020,0
France,2/18/2020,0
France,2/19/2020,0
France,2/20/2020,0
France,2/21/2020,0
France,2/22/2020,0
France,2/23/2020,0
France,2/24/2020,0
France,2/25/2020,0
France,2/26/2020,0
France,2/27/2020,0
France,2/28/2020,0
France,2/29/2020,0
France,3/1/2020,0
France,3/2/2020,0
France,3/3/2020,0
France,3/4/2020,0
France,3/5/2020,0
France,3/6/2020,0
France,3/7/2020,0
France,3/8/2020,0
France,3/9/2020,0
France,3/10/2020,0
France,3/11/2020,0
France,3/12/2020,0
France,3/13/2020,0
France,3/14/2020,0
France,3/15/2020,0.095567964
France,3/16/2020,0.095567964
France,3/17/2020,0.095567964
France,3/18/2020,0.095567964
France,3/19/2020,0.095567964
France,3/20/2020,0.095567964
France,3/21/2020,0.095567964
France,3/22/2020,1.4890823
France,3/23/2020,1.4890823
France,3/24/2020,1.4890823
France,3/25/2020,1.4890823
France,3/26/2020,1.4890823
France,3/27/2020,1.4890823
France,3/28/2020,1.4890823
France,3/29/2020,4.442799
France,3/30/2020,4.442799
France,3/31/2020,4.442799
France,4/1/2020,4.442799
France,4/2/2020,4.442799
France,4/3/2020,4.442799
France,4/4/2020,4.442799
France,4/5/2020,7.280946
France,4/6/2020,7.280946
France,4/7/2020,7.280946
France,4/8/2020,7.280946
France,4/9/2020,7.280946
France,4/10/2020,7.280946
France,4/11/2020,7.280946
France,4/12/2020,7.4320765
France,4/13/2020,7.4320765
France,4/14/2020,7.4320765
France,4/15/2020,7.4320765
France,4/16/2020,7.4320765
France,4/17/2020,7.4320765
France,4/18/2020,7.4320765
France,4/19/2020,6.067455
France,4/20/2020,6.067455
France,4/21/2020,6.067455
France,4/22/2020,6.067455
France,4/23/2020,6.067455
France,4/24/2020,6.067455
France,4/25/2020,6.067455
France,4/26/2020,4.658383
France,4/27/2020,4.658383
France,4/28/2020,4.658383
France,4/29/2020,4.658383
France,4/30/2020,4.658383
France,5/1/2020,4.658383
France,5/2/2020,4.658383
France,5/3/2020,3.1248503
France,5/4/2020,3.1248503
France,5/5/2020,3.1248503
France,5/6/2020,3.1248503
France,5/7/2020,3.1248503
France,5/8/2020,3.1248503
France,5/9/2020,3.1248503
France,5/10/2020,2.3469715
France,5/11/2020,2.3469715
France,5/12/2020,2.3469715
France,5/13/2020,2.3469715
France,5/14/2020,2.3469715
France,5/15/2020,2.3469715
France,5/16/2020,2.3469715
France,5/17/2020,1.8002338
France,5/18/2020,1.8002338
France,5/19/2020,1.8002338
France,5/20/2020,1.8002338
France,5/21/2020,1.8002338
France,5/22/2020,1.8002338
France,5/23/2020,1.8002338
France,5/24/2020,1.2490511
France,5/25/2020,1.2490511
France,5/26/2020,1.2490511
France,5/27/2020,1.2490511
France,5/28/2020,1.2490511
France,5/29/2020,1.2490511
France,5/30/2020,1.2490511
France,5/31/2020,1.0468026
France,6/1/2020,1.0468026
France,6/2/2020,1.0468026
France,6/3/2020,1.0468026
France,6/4/2020,1.0468026
France,6/5/2020,1.0468026
France,6/6/2020,1.0468026
France,6/7/2020,0.7356511
France,6/8/2020,0.7356511
France,6/9/2020,0.7356511
France,6/10/2020,0.7356511
France,6/11/2020,0.7356511
France,6/12/2020,0.7356511
France,6/13/2020,0.7356511
France,6/14/2020,0.5734078
France,6/15/2020,0.5734078
France,6/16/2020,0.5734078
France,6/17/2020,0.5734078
France,6/18/2020,0.5734078
France,6/19/2020,0.5734078
France,6/20/2020,0.5734078
France,6/21/2020,0.35337922
France,6/22/2020,0.35337922
France,6/23/2020,0.35337922
France,6/24/2020,0.35337922
France,6/25/2020,0.35337922
France,6/26/2020,0.35337922
France,6/27/2020,0.35337922
France,6/28/2020,0.2466987
France,6/29/2020,0.2466987
France,6/30/2020,0.2466987
France,7/1/2020,0.2466987
France,7/2/2020,0.2466987
France,7/3/2020,0.2466987
France,7/4/2020,0.2466987
France,7/5/2020,0.22225109
France,7/6/2020,0.22225109
France,7/7/2020,0.22225109
France,7/8/2020,0.22225109
France,7/9/2020,0.22225109
France,7/10/2020,0.22225109
France,7/11/2020,0.22225109
France,7/12/2020,0.2667013
France,7/13/2020,0.2667013
France,7/14/2020,0.2667013
France,7/15/2020,0.2667013
France,7/16/2020,0.2667013
France,7/17/2020,0.2667013
France,7/18/2020,0.2667013
France,7/19/2020,0.20891602
France,7/20/2020,0.20891602
France,7/21/2020,0.20891602
France,7/22/2020,0.20891602
France,7/23/2020,0.20891602
France,7/24/2020,0.20891602
France,7/25/2020,0.20891602
France,7/26/2020,0.21780607
France,7/27/2020,0.21780607
France,7/28/2020,0.21780607
France,7/29/2020,0.21780607
France,7/30/2020,0.21780607
France,7/31/2020,0.21780607
France,8/1/2020,0.21780607
France,8/2/2020,0.17113334
France,8/3/2020,0.17113334
France,8/4/2020,0.17113334
France,8/5/2020,0.17113334
France,8/6/2020,0.17113334
France,8/7/2020,0.17113334
France,8/8/2020,0.17113334
France,8/9/2020,0.15335324
France,8/10/2020,0.15335324
France,8/11/2020,0.15335324
France,8/12/2020,0.15335324
France,8/13/2020,0.15335324
France,8/14/2020,0.15335324
France,8/15/2020,0.15335324
France,8/16/2020,0.204471
France,8/17/2020,0.204471
France,8/18/2020,0.204471
France,8/19/2020,0.204471
France,8/20/2020,0.204471
France,8/21/2020,0.204471
France,8/22/2020,0.204471
France,8/23/2020,0.2622563
France,8/24/2020,0.2622563
France,8/25/2020,0.2622563
France,8/26/2020,0.2622563
France,8/27/2020,0.2622563
France,8/28/2020,0.2622563
France,8/29/2020,0.2622563
France,8/30/2020,0.2466987
France,8/31/2020,0.2466987
France,9/1/2020,0.2466987
France,9/2/2020,0.2466987
France,9/3/2020,0.2466987
France,9/4/2020,0.2466987
France,9/5/2020,0.2466987
France,9/6/2020,0.28003636
France,9/7/2020,0.28003636
France,9/8/2020,0.28003636
France,9/9/2020,0.28003636
France,9/10/2020,0.28003636
France,9/11/2020,0.28003636
France,9/12/2020,0.28003636
France,9/13/2020,0.5734078
France,9/14/2020,0.5734078
France,9/15/2020,0.5734078
France,9/16/2020,0.5734078
France,9/17/2020,0.5734078
France,9/18/2020,0.5734078
France,9/19/2020,0.5734078
France,9/20/2020,0.9534572
France,9/21/2020,0.9534572
France,9/22/2020,0.9534572
France,9/23/2020,0.9534572
France,9/24/2020,0.9534572
France,9/25/2020,0.9534572
France,9/26/2020,0.9534572
France,9/27/2020,1.2423836
France,9/28/2020,1.2423836
France,9/29/2020,1.2423836
France,9/30/2020,1.2423836
France,10/1/2020,1.2423836
France,10/2/2020,1.2423836
France,10/3/2020,1.2423836
France,10/4/2020,1.2468286
France,10/5/2020,1.2468286
France,10/6/2020,1.2468286
France,10/7/2020,1.2468286
France,10/8/2020,1.2468286
France,10/9/2020,1.2468286
France,10/10/2020,1.2468286
France,10/11/2020,1.5335325
France,10/12/2020,1.5335325
France,10/13/2020,1.5335325
France,10/14/2020,1.5335325
France,10/15/2020,1.5335325
France,10/16/2020,1.5335325
France,10/17/2020,1.5335325
France,10/18/2020,2.1402779
France,10/19/2020,2.1402779
France,10/20/2020,2.1402779
France,10/21/2020,2.1402779
France,10/22/2020,2.1402779
France,10/23/2020,2.1402779
France,10/24/2020,2.1402779
France,10/25/2020,3.9427342
France,10/26/2020,3.9427342
France,10/27/2020,3.9427342
France,10/28/2020,3.9427342
France,10/29/2020,3.9427342
France,10/30/2020,3.9427342
France,10/31/2020,3.9427342
France,11/1/2020,7.0097995
France,11/2/2020,7.0097995
France,11/3/2020,7.0097995
France,11/4/2020,7.0097995
France,11/5/2020,7.0097995
France,11/6/2020,7.0097995
France,11/7/2020,7.0097995
France,11/8/2020,10.654717
France,11/9/2020,10.654717
France,11/10/2020,10.654717
France,11/11/2020,10.654717
France,11/12/2020,10.654717
France,11/13/2020,10.654717
France,11/14/2020,10.654717
France,11/15/2020,12.194917
France,11/16/2020,12.194917
France,11/17/2020,12.194917
France,11/18/2020,12.194917
France,11/19/2020,12.194917
France,11/20/2020,12.194917
France,11/21/2020,12.194917
France,11/22/2020,12.450506
France,11/23/2020,12.450506
France,11/24/2020,12.450506
France,11/25/2020,12.450506
France,11/26/2020,12.450506
France,11/27/2020,12.450506
France,11/28/2020,12.450506
France,11/29/2020,10.399128
France,11/30/2020,10.399128
France,12/1/2020,10.399128
France,12/2/2020,10.399128
France,12/3/2020,10.399128
France,12/4/2020,10.399128
France,12/5/2020,10.399128
France,12/6/2020,8.807811
France,12/7/2020,8.807811
France,12/8/2020,8.807811
France,12/9/2020,8.807811
France,12/10/2020,8.807811
France,12/11/2020,8.807811
France,12/12/2020,8.807811
France,12/13/2020,8.427761
France,12/14/2020,8.427761
France,12/15/2020,8.427761
France,12/16/2020,8.427761
France,12/17/2020,8.427761
France,12/18/2020,8.427761
France,12/19/2020,8.427761
France,12/20/2020,7.5187545
France,12/21/2020,7.5187545
France,12/22/2020,7.5187545
France,12/23/2020,7.5187545
France,12/24/2020,7.5187545
France,12/25/2020,7.5187545
France,12/26/2020,7.5187545
France,12/27/2020,6.9320116
France,12/28/2020,6.9320116
France,12/29/2020,6.9320116
France,12/30/2020,6.9320116
France,12/31/2020,6.9320116
France,1/1/2021,6.9320116
France,1/2/2021,6.9320116
France,1/3/2021,6.478619
France,1/4/2021,6.478619
France,1/5/2021,6.478619
France,1/6/2021,6.478619
France,1/7/2021,6.478619
France,1/8/2021,6.478619
France,1/9/2021,6.478619
France,1/10/2021,7.62099
France,1/11/2021,7.62099
France,1/12/2021,7.62099
France,1/13/2021,7.62099
France,1/14/2021,7.62099
France,1/15/2021,7.62099
France,1/16/2021,7.62099
France,1/17/2021,7.676553
France,1/18/2021,7.676553
France,1/19/2021,7.676553
France,1/20/2021,7.676553
France,1/21/2021,7.676553
France,1/22/2021,7.676553
France,1/23/2021,7.676553
France,1/24/2021,7.587652
France,1/25/2021,7.587652
France,1/26/2021,7.587652
France,1/27/2021,7.587652
France,1/28/2021,7.587652
France,1/29/2021,7.587652
France,1/30/2021,7.587652
France,1/31/2021,7.0209117
France,2/1/2021,7.0209117
France,2/2/2021,7.0209117
France,2/3/2021,7.0209117
France,2/4/2021,7.0209117
France,2/5/2021,7.0209117
France,2/6/2021,7.0209117
France,2/7/2021,6.8208857
France,2/8/2021,6.8208857
France,2/9/2021,6.8208857
France,2/10/2021,6.8208857
France,2/11/2021,6.8208857
France,2/12/2021,6.8208857
France,2/13/2021,6.8208857
France,2/14/2021,6.4275017
France,2/15/2021,6.4275017
France,2/16/2021,6.4275017
France,2/17/2021,6.4275017
France,2/18/2021,6.4275017
France,2/19/2021,6.4275017
France,2/20/2021,6.4275017
France,2/21/2021,5.5918374
France,2/22/2021,5.5918374
France,2/23/2021,5.5918374
France,2/24/2021,5.5918374
France,2/25/2021,5.5918374
France,2/26/2021,5.5918374
France,2/27/2021,5.5918374
France,2/28/2021,4.780621
France,3/1/2021,4.780621
France,3/2/2021,4.780621
France,3/3/2021,4.780621
France,3/4/2021,4.780621
France,3/5/2021,4.780621
France,3/6/2021,4.780621
France,3/7/2021,4.5183644
France,3/8/2021,4.5183644
France,3/9/2021,4.5183644
France,3/10/2021,4.5183644
France,3/11/2021,4.5183644
France,3/12/2021,4.5183644
France,3/13/2021,4.5183644
France,3/14/2021,4.1605406
France,3/15/2021,4.1605406
France,3/16/2021,4.1605406
France,3/17/2021,4.1605406
France,3/18/2021,4.1605406
France,3/19/2021,4.1605406
France,3/20/2021,4.1605406
France,3/21/2021,3.998297
France,3/22/2021,3.998297
France,3/23/2021,3.998297
France,3/24/2021,3.998297
France,3/25/2021,3.998297
France,3/26/2021,3.998297
France,3/27/2021,3.998297
France,3/28/2021,4.076085
France,3/29/2021,4.076085
France,3/30/2021,4.076085
France,3/31/2021,4.076085
France,4/1/2021,4.076085
France,4/2/2021,4.076085
France,4/3/2021,4.076085
France,4/4/2021,4.353899
France,4/5/2021,4.353899
France,4/6/2021,4.353899
France,4/7/2021,4.353899
France,4/8/2021,4.353899
France,4/9/2021,4.353899
France,4/10/2021,4.353899
France,4/11/2021,4.711723
France,4/12/2021,4.711723
France,4/13/2021,4.711723
France,4/14/2021,4.711723
France,4/15/2021,4.711723
France,4/16/2021,4.711723
France,4/17/2021,4.711723
France,4/18/2021,4.371679
France,4/19/2021,4.371679
France,4/20/2021,4.371679
France,4/21/2021,4.371679
France,4/22/2021,4.371679
France,4/23/2021,4.371679
France,4/24/2021,4.371679
France,4/25/2021,4.5828176
France,4/26/2021,4.5828176
France,4/27/2021,4.5828176
France,4/28/2021,4.5828176
France,4/29/2021,4.5828176
France,4/30/2021,4.5828176
France,5/1/2021,4.5828176
Germany,1/28/2020,0.005096812
Germany,1/29/2020,0.005096812
Germany,1/30/2020,0.005096812
Germany,1/31/2020,0.005096812
Germany,2/1/2020,0.005096812
Germany,2/2/2020,0.005096812
Germany,2/3/2020,0.005096812
Germany,2/4/2020,0.005096812
Germany,2/5/2020,0.005096812
Germany,2/6/2020,0.005096812
Germany,2/7/2020,0.005096812
Germany,2/8/2020,0.005096812
Germany,2/9/2020,0
Germany,2/10/2020,0
Germany,2/11/2020,0
Germany,2/12/2020,0
Germany,2/13/2020,0
Germany,2/14/2020,0
Germany,2/15/2020,0
Germany,2/16/2020,0
Germany,2/17/2020,0
Germany,2/18/2020,0
Germany,2/19/2020,0
Germany,2/20/2020,0
Germany,2/21/2020,0
Germany,2/22/2020,0
Germany,2/23/2020,0.001698937
Germany,2/24/2020,0.001698937
Germany,2/25/2020,0.001698937
Germany,2/26/2020,0.001698937
Germany,2/27/2020,0.001698937
Germany,2/28/2020,0.001698937
Germany,2/29/2020,0.001698937
Germany,3/1/2020,0.001698937
Germany,3/2/2020,0.001698937
Germany,3/3/2020,0.001698937
Germany,3/4/2020,0.001698937
Germany,3/5/2020,0.001698937
Germany,3/6/2020,0.001698937
Germany,3/7/2020,0.001698937
Germany,3/8/2020,0.020387247
Germany,3/9/2020,0.020387247
Germany,3/10/2020,0.020387247
Germany,3/11/2020,0.020387247
Germany,3/12/2020,0.020387247
Germany,3/13/2020,0.020387247
Germany,3/14/2020,0.020387247
Germany,3/15/2020,0.14271073
Germany,3/16/2020,0.14271073
Germany,3/17/2020,0.14271073
Germany,3/18/2020,0.14271073
Germany,3/19/2020,0.14271073
Germany,3/20/2020,0.14271073
Germany,3/21/2020,0.14271073
Germany,3/22/2020,0.813791
Germany,3/23/2020,0.813791
Germany,3/24/2020,0.813791
Germany,3/25/2020,0.813791
Germany,3/26/2020,0.813791
Germany,3/27/2020,0.813791
Germany,3/28/2020,0.813791
Germany,3/29/2020,2.4787495
Germany,3/30/2020,2.4787495
Germany,3/31/2020,2.4787495
Germany,4/1/2020,2.4787495
Germany,4/2/2020,2.4787495
Germany,4/3/2020,2.4787495
Germany,4/4/2020,2.4787495
Germany,4/5/2020,3.8616846
Germany,4/6/2020,3.8616846
Germany,4/7/2020,3.8616846
Germany,4/8/2020,3.8616846
Germany,4/9/2020,3.8616846
Germany,4/10/2020,3.8616846
Germany,4/11/2020,3.8616846
Germany,4/12/2020,3.1906042
Germany,4/13/2020,3.1906042
Germany,4/14/2020,3.1906042
Germany,4/15/2020,3.1906042
Germany,4/16/2020,3.1906042
Germany,4/17/2020,3.1906042
Germany,4/18/2020,3.1906042
Germany,4/19/2020,2.0828972
Germany,4/20/2020,2.0828972
Germany,4/21/2020,2.0828972
Germany,4/22/2020,2.0828972
Germany,4/23/2020,2.0828972
Germany,4/24/2020,2.0828972
Germany,4/25/2020,2.0828972
Germany,4/26/2020,1.2351274
Germany,4/27/2020,1.2351274
Germany,4/28/2020,1.2351274
Germany,4/29/2020,1.2351274
Germany,4/30/2020,1.2351274
Germany,5/1/2020,1.2351274
Germany,5/2/2020,1.2351274
Germany,5/3/2020,0.6591877
Germany,5/4/2020,0.6591877
Germany,5/5/2020,0.6591877
Germany,5/6/2020,0.6591877
Germany,5/7/2020,0.6591877
Germany,5/8/2020,0.6591877
Germany,5/9/2020,0.6591877
Germany,5/10/2020,0.43832582
Germany,5/11/2020,0.43832582
Germany,5/12/2020,0.43832582
Germany,5/13/2020,0.43832582
Germany,5/14/2020,0.43832582
Germany,5/15/2020,0.43832582
Germany,5/16/2020,0.43832582
Germany,5/17/2020,0.28032467
Germany,5/18/2020,0.28032467
Germany,5/19/2020,0.28032467
Germany,5/20/2020,0.28032467
Germany,5/21/2020,0.28032467
Germany,5/22/2020,0.28032467
Germany,5/23/2020,0.28032467
Germany,5/24/2020,0.18858205
Germany,5/25/2020,0.18858205
Germany,5/26/2020,0.18858205
Germany,5/27/2020,0.18858205
Germany,5/28/2020,0.18858205
Germany,5/29/2020,0.18858205
Germany,5/30/2020,0.18858205
Germany,5/31/2020,0.110430926
Germany,6/1/2020,0.110430926
Germany,6/2/2020,0.110430926
Germany,6/3/2020,0.110430926
Germany,6/4/2020,0.110430926
Germany,6/5/2020,0.110430926
Germany,6/6/2020,0.110430926
Germany,6/7/2020,0.07475324
Germany,6/8/2020,0.07475324
Germany,6/9/2020,0.07475324
Germany,6/10/2020,0.07475324
Germany,6/11/2020,0.07475324
Germany,6/12/2020,0.07475324
Germany,6/13/2020,0.07475324
Germany,6/14/2020,0.059462808
Germany,6/15/2020,0.059462808
Germany,6/16/2020,0.059462808
Germany,6/17/2020,0.059462808
Germany,6/18/2020,0.059462808
Germany,6/19/2020,0.059462808
Germany,6/20/2020,0.059462808
Germany,6/21/2020,0.06965643
Germany,6/22/2020,0.06965643
Germany,6/23/2020,0.06965643
Germany,6/24/2020,0.06965643
Germany,6/25/2020,0.06965643
Germany,6/26/2020,0.06965643
Germany,6/27/2020,0.06965643
Germany,6/28/2020,0.035677683
Germany,6/29/2020,0.035677683
Germany,6/30/2020,0.035677683
Germany,7/1/2020,0.035677683
Germany,7/2/2020,0.035677683
Germany,7/3/2020,0.035677683
Germany,7/4/2020,0.035677683
Germany,7/5/2020,0.04417237
Germany,7/6/2020,0.04417237
Germany,7/7/2020,0.04417237
Germany,7/8/2020,0.04417237
Germany,7/9/2020,0.04417237
Germany,7/10/2020,0.04417237
Germany,7/11/2020,0.04417237
Germany,7/12/2020,0.04247343
Germany,7/13/2020,0.04247343
Germany,7/14/2020,0.04247343
Germany,7/15/2020,0.04247343
Germany,7/16/2020,0.04247343
Germany,7/17/2020,0.04247343
Germany,7/18/2020,0.04247343
Germany,7/19/2020,0.052667055
Germany,7/20/2020,0.052667055
Germany,7/21/2020,0.052667055
Germany,7/22/2020,0.052667055
Germany,7/23/2020,0.052667055
Germany,7/24/2020,0.052667055
Germany,7/25/2020,0.052667055
Germany,7/26/2020,0.056064934
Germany,7/27/2020,0.056064934
Germany,7/28/2020,0.056064934
Germany,7/29/2020,0.056064934
Germany,7/30/2020,0.056064934
Germany,7/31/2020,0.056064934
Germany,8/1/2020,0.056064934
Germany,8/2/2020,0.06286068
Germany,8/3/2020,0.06286068
Germany,8/4/2020,0.06286068
Germany,8/5/2020,0.06286068
Germany,8/6/2020,0.06286068
Germany,8/7/2020,0.06286068
Germany,8/8/2020,0.06286068
Germany,8/9/2020,0.05776387
Germany,8/10/2020,0.05776387
Germany,8/11/2020,0.05776387
Germany,8/12/2020,0.05776387
Germany,8/13/2020,0.05776387
Germany,8/14/2020,0.05776387
Germany,8/15/2020,0.05776387
Germany,8/16/2020,0.052667055
Germany,8/17/2020,0.052667055
Germany,8/18/2020,0.052667055
Germany,8/19/2020,0.052667055
Germany,8/20/2020,0.052667055
Germany,8/21/2020,0.052667055
Germany,8/22/2020,0.052667055
Germany,8/23/2020,0.052667055
Germany,8/24/2020,0.052667055
Germany,8/25/2020,0.052667055
Germany,8/26/2020,0.052667055
Germany,8/27/2020,0.052667055
Germany,8/28/2020,0.052667055
Germany,8/29/2020,0.052667055
Germany,8/30/2020,0.030580873
Germany,8/31/2020,0.030580873
Germany,9/1/2020,0.030580873
Germany,9/2/2020,0.030580873
Germany,9/3/2020,0.030580873
Germany,9/4/2020,0.030580873
Germany,9/5/2020,0.030580873
Germany,9/6/2020,0.059462808
Germany,9/7/2020,0.059462808
Germany,9/8/2020,0.059462808
Germany,9/9/2020,0.059462808
Germany,9/10/2020,0.059462808
Germany,9/11/2020,0.059462808
Germany,9/12/2020,0.059462808
Germany,9/13/2020,0.11552774
Germany,9/14/2020,0.11552774
Germany,9/15/2020,0.11552774
Germany,9/16/2020,0.11552774
Germany,9/17/2020,0.11552774
Germany,9/18/2020,0.11552774
Germany,9/19/2020,0.11552774
Germany,9/20/2020,0.13931286
Germany,9/21/2020,0.13931286
Germany,9/22/2020,0.13931286
Germany,9/23/2020,0.13931286
Germany,9/24/2020,0.13931286
Germany,9/25/2020,0.13931286
Germany,9/26/2020,0.13931286
Germany,9/27/2020,0.1868831
Germany,9/28/2020,0.1868831
Germany,9/29/2020,0.1868831
Germany,9/30/2020,0.1868831
Germany,10/1/2020,0.1868831
Germany,10/2/2020,0.1868831
Germany,10/3/2020,0.1868831
Germany,10/4/2020,0.20557141
Germany,10/5/2020,0.20557141
Germany,10/6/2020,0.20557141
Germany,10/7/2020,0.20557141
Germany,10/8/2020,0.20557141
Germany,10/9/2020,0.20557141
Germany,10/10/2020,0.20557141
Germany,10/11/2020,0.41963753
Germany,10/12/2020,0.41963753
Germany,10/13/2020,0.41963753
Germany,10/14/2020,0.41963753
Germany,10/15/2020,0.41963753
Germany,10/16/2020,0.41963753
Germany,10/17/2020,0.41963753
Germany,10/18/2020,0.7883069
Germany,10/19/2020,0.7883069
Germany,10/20/2020,0.7883069
Germany,10/21/2020,0.7883069
Germany,10/22/2020,0.7883069
Germany,10/23/2020,0.7883069
Germany,10/24/2020,0.7883069
Germany,10/25/2020,1.7244214
Germany,10/26/2020,1.7244214
Germany,10/27/2020,1.7244214
Germany,10/28/2020,1.7244214
Germany,10/29/2020,1.7244214
Germany,10/30/2020,1.7244214
Germany,10/31/2020,1.7244214
Germany,11/1/2020,2.7539773
Germany,11/2/2020,2.7539773
Germany,11/3/2020,2.7539773
Germany,11/4/2020,2.7539773
Germany,11/5/2020,2.7539773
Germany,11/6/2020,2.7539773
Germany,11/7/2020,2.7539773
Germany,11/8/2020,3.2449703
Germany,11/9/2020,3.2449703
Germany,11/10/2020,3.2449703
Germany,11/11/2020,3.2449703
Germany,11/12/2020,3.2449703
Germany,11/13/2020,3.2449703
Germany,11/14/2020,3.2449703
Germany,11/15/2020,4.308505
Germany,11/16/2020,4.308505
Germany,11/17/2020,4.308505
Germany,11/18/2020,4.308505
Germany,11/19/2020,4.308505
Germany,11/20/2020,4.308505
Germany,11/21/2020,4.308505
Germany,11/22/2020,5.480772
Germany,11/23/2020,5.480772
Germany,11/24/2020,5.480772
Germany,11/25/2020,5.480772
Germany,11/26/2020,5.480772
Germany,11/27/2020,5.480772
Germany,11/28/2020,5.480772
Germany,11/29/2020,6.117873
Germany,11/30/2020,6.117873
Germany,12/1/2020,6.117873
Germany,12/2/2020,6.117873
Germany,12/3/2020,6.117873
Germany,12/4/2020,6.117873
Germany,12/5/2020,6.117873
Germany,12/6/2020,7.6112394
Germany,12/7/2020,7.6112394
Germany,12/8/2020,7.6112394
Germany,12/9/2020,7.6112394
Germany,12/10/2020,7.6112394
Germany,12/11/2020,7.6112394
Germany,12/12/2020,7.6112394
Germany,12/13/2020,9.789277
Germany,12/14/2020,9.789277
Germany,12/15/2020,9.789277
Germany,12/16/2020,9.789277
Germany,12/17/2020,9.789277
Germany,12/18/2020,9.789277
Germany,12/19/2020,9.789277
Germany,12/20/2020,10.975135
Germany,12/21/2020,10.975135
Germany,12/22/2020,10.975135
Germany,12/23/2020,10.975135
Germany,12/24/2020,10.975135
Germany,12/25/2020,10.975135
Germany,12/26/2020,10.975135
Germany,12/27/2020,9.731513
Germany,12/28/2020,9.731513
Germany,12/29/2020,9.731513
Germany,12/30/2020,9.731513
Germany,12/31/2020,9.731513
Germany,1/1/2021,9.731513
Germany,1/2/2021,9.731513
Germany,1/3/2021,9.758696
Germany,1/4/2021,9.758696
Germany,1/5/2021,9.758696
Germany,1/6/2021,9.758696
Germany,1/7/2021,9.758696
Germany,1/8/2021,9.758696
Germany,1/9/2021,9.758696
Germany,1/10/2021,9.78418
Germany,1/11/2021,9.78418
Germany,1/12/2021,9.78418
Germany,1/13/2021,9.78418
Germany,1/14/2021,9.78418
Germany,1/15/2021,9.78418
Germany,1/16/2021,9.78418
Germany,1/17/2021,8.657784
Germany,1/18/2021,8.657784
Germany,1/19/2021,8.657784
Germany,1/20/2021,8.657784
Germany,1/21/2021,8.657784
Germany,1/22/2021,8.657784
Germany,1/23/2021,8.657784
Germany,1/24/2021,6.9775357
Germany,1/25/2021,6.9775357
Germany,1/26/2021,6.9775357
Germany,1/27/2021,6.9775357
Germany,1/28/2021,6.9775357
Germany,1/29/2021,6.9775357
Germany,1/30/2021,6.9775357
Germany,1/31/2021,5.2701035
Germany,2/1/2021,5.2701035
Germany,2/2/2021,5.2701035
Germany,2/3/2021,5.2701035
Germany,2/4/2021,5.2701035
Germany,2/5/2021,5.2701035
Germany,2/6/2021,5.2701035
Germany,2/7/2021,3.85319
Germany,2/8/2021,3.85319
Germany,2/9/2021,3.85319
Germany,2/10/2021,3.85319
Germany,2/11/2021,3.85319
Germany,2/12/2021,3.85319
Germany,2/13/2021,3.85319
Germany,2/14/2021,2.8542147
Germany,2/15/2021,2.8542147
Germany,2/16/2021,2.8542147
Germany,2/17/2021,2.8542147
Germany,2/18/2021,2.8542147
Germany,2/19/2021,2.8542147
Germany,2/20/2021,2.8542147
Germany,2/21/2021,2.5110295
Germany,2/22/2021,2.5110295
Germany,2/23/2021,2.5110295
Germany,2/24/2021,2.5110295
Germany,2/25/2021,2.5110295
Germany,2/26/2021,2.5110295
Germany,2/27/2021,2.5110295
Germany,2/28/2021,2.0845962
Germany,3/1/2021,2.0845962
Germany,3/2/2021,2.0845962
Germany,3/3/2021,2.0845962
Germany,3/4/2021,2.0845962
Germany,3/5/2021,2.0845962
Germany,3/6/2021,2.0845962
Germany,3/7/2021,1.7821852
Germany,3/8/2021,1.7821852
Germany,3/9/2021,1.7821852
Germany,3/10/2021,1.7821852
Germany,3/11/2021,1.7821852
Germany,3/12/2021,1.7821852
Germany,3/13/2021,1.7821852
Germany,3/14/2021,1.8756268
Germany,3/15/2021,1.8756268
Germany,3/16/2021,1.8756268
Germany,3/17/2021,1.8756268
Germany,3/18/2021,1.8756268
Germany,3/19/2021,1.8756268
Germany,3/20/2021,1.8756268
Germany,3/21/2021,2.169543
Germany,3/22/2021,2.169543
Germany,3/23/2021,2.169543
Germany,3/24/2021,2.169543
Germany,3/25/2021,2.169543
Germany,3/26/2021,2.169543
Germany,3/27/2021,2.169543
Germany,3/28/2021,2.5925784
Germany,3/29/2021,2.5925784
Germany,3/30/2021,2.5925784
Germany,3/31/2021,2.5925784
Germany,4/1/2021,2.5925784
Germany,4/2/2021,2.5925784
Germany,4/3/2021,2.5925784
Germany,4/4/2021,2.7013104
Germany,4/5/2021,2.7013104
Germany,4/6/2021,2.7013104
Germany,4/7/2021,2.7013104
Germany,4/8/2021,2.7013104
Germany,4/9/2021,2.7013104
Germany,4/10/2021,2.7013104
Germany,4/11/2021,2.6877189
Germany,4/12/2021,2.6877189
Germany,4/13/2021,2.6877189
Germany,4/14/2021,2.6877189
Germany,4/15/2021,2.6877189
Germany,4/16/2021,2.6877189
Germany,4/17/2021,2.6877189
Germany,4/18/2021,2.7641711
Germany,4/19/2021,2.7641711
Germany,4/20/2021,2.7641711
Germany,4/21/2021,2.7641711
Germany,4/22/2021,2.7641711
Germany,4/23/2021,2.7641711
Germany,4/24/2021,2.7641711
Germany,4/25/2021,2.7556763
Germany,4/26/2021,2.7556763
Germany,4/27/2021,2.7556763
Germany,4/28/2021,2.7556763
Germany,4/29/2021,2.7556763
Germany,4/30/2021,2.7556763
Germany,5/1/2021,2.7556763
India,1/28/2020,0
India,1/29/2020,0
India,1/30/2020,0
India,1/31/2020,0
India,2/1/2020,0
India,2/2/2020,0
India,2/3/2020,0
India,2/4/2020,0
India,2/5/2020,0
India,2/6/2020,0
India,2/7/2020,0
India,2/8/2020,0
India,2/9/2020,0
India,2/10/2020,0
India,2/11/2020,0
India,2/12/2020,0
India,2/13/2020,0
India,2/14/2020,0
India,2/15/2020,0
India,2/16/2020,0
India,2/17/2020,0
India,2/18/2020,0
India,2/19/2020,0
India,2/20/2020,0
India,2/21/2020,0
India,2/22/2020,0
India,2/23/2020,0
India,2/24/2020,0
India,2/25/2020,0
India,2/26/2020,0
India,2/27/2020,0
India,2/28/2020,0
India,2/29/2020,0
India,3/1/2020,0
India,3/2/2020,0
India,3/3/2020,0
India,3/4/2020,0
India,3/5/2020,0
India,3/6/2020,0
India,3/7/2020,0
India,3/8/2020,0
India,3/9/2020,0
India,3/10/2020,0
India,3/11/2020,0
India,3/12/2020,0
India,3/13/2020,0.000100221
India,3/14/2020,0.000200442
India,3/15/2020,0.000200442
India,3/16/2020,0.000200442
India,3/17/2020,0.000300663
India,3/18/2020,0.000300663
India,3/19/2020,0.000400883
India,3/20/2020,0.000300663
India,3/21/2020,0.000200442
India,3/22/2020,0.000501104
India,3/23/2020,0.000701546
India,3/24/2020,0.000601325
India,3/25/2020,0.000701546
India,3/26/2020,0.000901988
India,3/27/2020,0.001302871
India,3/28/2020,0.001503313
India,3/29/2020,0.001803976
India,3/30/2020,0.002004417
India,3/31/2020,0.00230508
India,4/1/2020,0.002806184
India,4/2/2020,0.003708172
India,4/3/2020,0.003908614
India,4/4/2020,0.004910823
India,4/5/2020,0.005211485
India,4/6/2020,0.008017669
India,4/7/2020,0.008218111
India,4/8/2020,0.011124516
India,4/9/2020,0.011926283
India,4/10/2020,0.014331584
India,4/11/2020,0.017137768
India,4/12/2020,0.01964329
India,4/13/2020,0.019943953
India,4/14/2020,0.022549694
India,4/15/2020,0.022850357
India,4/16/2020,0.024554113
India,4/17/2020,0.023852566
India,4/18/2020,0.024153229
India,4/19/2020,0.023451682
India,4/20/2020,0.023551904
India,4/21/2020,0.025155438
India,4/22/2020,0.026358088
India,4/23/2020,0.02675897
India,4/24/2020,0.028162064
India,4/25/2020,0.029565156
India,4/26/2020,0.031770013
India,4/27/2020,0.032972664
India,4/28/2020,0.03447598
India,4/29/2020,0.036781058
India,4/30/2020,0.0393868
India,5/1/2020,0.042994753
India,5/2/2020,0.044397842
India,5/3/2020,0.047805354
India,5/4/2020,0.050210655
India,5/5/2020,0.06354003
India,5/6/2020,0.06885173
India,5/7/2020,0.0710566
India,5/8/2020,0.07406322
India,5/9/2020,0.07646852
India,5/10/2020,0.08097846
India,5/11/2020,0.08348398
India,5/12/2020,0.072660126
India,5/13/2020,0.07225925
India,5/14/2020,0.07676918
India,5/15/2020,0.07646852
India,5/16/2020,0.077270284
India,5/17/2020,0.07646852
India,5/18/2020,0.08248177
India,5/19/2020,0.087192155
India,5/20/2020,0.08899613
India,5/21/2020,0.088795684
India,5/22/2020,0.093606286
India,5/23/2020,0.0970138
India,5/24/2020,0.09971976
India,5/25/2020,0.0994191
India,5/26/2020,0.10062175
India,5/27/2020,0.103628375
India,5/28/2020,0.10984207
India,5/29/2020,0.11254803
India,5/30/2020,0.1253763
India,5/31/2020,0.12998646
India,6/1/2020,0.13760325
India,6/2/2020,0.14341606
India,6/3/2020,0.14812644
India,6/4/2020,0.15474102
India,6/5/2020,0.16456266
India,6/6/2020,0.16746907
India,6/7/2020,0.17688982
India,6/8/2020,0.18099888
India,6/9/2020,0.18771368
India,6/10/2020,0.19342627
India,6/11/2020,0.2031477
India,6/12/2020,0.21547486
India,6/13/2020,0.22469518
India,6/14/2020,0.22710048
India,6/15/2020,0.23251241
India,6/16/2020,0.24343649
India,6/17/2020,0.41671836
India,6/18/2020,0.41441327
India,6/19/2020,0.40840003
India,6/20/2020,0.4072976
India,6/21/2020,0.4067965
India,6/22/2020,0.418823
India,6/23/2020,0.412008
India,6/24/2020,0.2578683
India,6/25/2020,0.26628685
India,6/26/2020,0.2734025
India,6/27/2020,0.2743045
India,6/28/2020,0.28472748
India,6/29/2020,0.2782131
India,6/30/2020,0.28883654
India,7/1/2020,0.29304582
India,7/2/2020,0.29464933
India,7/3/2020,0.29184318
India,7/4/2020,0.29765597
India,7/5/2020,0.3180008
India,7/6/2020,0.32251075
India,7/7/2020,0.32742158
India,7/8/2020,0.32491603
India,7/9/2020,0.33022776
India,7/10/2020,0.33984897
India,7/11/2020,0.34756595
India,7/12/2020,0.34135225
India,7/13/2020,0.34886885
India,7/14/2020,0.35748783
India,7/15/2020,0.3675099
India,7/16/2020,0.3794362
India,7/17/2020,0.40068302
India,7/18/2020,0.4159166
India,7/19/2020,0.41511482
India,7/20/2020,0.4332548
India,7/21/2020,0.43666232
India,7/22/2020,0.44327688
India,7/23/2020,0.4956924
India,7/24/2020,0.5010041
India,7/25/2020,0.5096231
India,7/26/2020,0.5258589
India,7/27/2020,0.5285649
India,7/28/2020,0.53527963
India,7/29/2020,0.5473061
India,7/30/2020,0.51182795
India,7/31/2020,0.5157366
India,8/1/2020,0.5164381
India,8/2/2020,0.5312708
India,8/3/2020,0.5375847
India,8/4/2020,0.55251765
India,8/5/2020,0.5614373
India,8/6/2020,0.5743658
India,8/7/2020,0.5850894
India,8/8/2020,0.60202676
India,8/9/2020,0.6028285
India,8/10/2020,0.62648064
India,8/11/2020,0.63329566
India,8/12/2020,0.63099056
India,8/13/2020,0.63479894
India,8/14/2020,0.6469257
India,8/15/2020,0.6532396
India,8/16/2020,0.6615579
India,8/17/2020,0.65494335
India,8/18/2020,0.65544444
India,8/19/2020,0.6813015
India,8/20/2020,0.68480915
India,8/21/2020,0.68240386
India,8/22/2020,0.6772926
India,8/23/2020,0.67408556
India,8/24/2020,0.66356236
India,8/25/2020,0.6607562
India,8/26/2020,0.6574489
India,8/27/2020,0.66205907
India,8/28/2020,0.6694754
India,8/29/2020,0.6770922
India,8/30/2020,0.6807001
India,8/31/2020,0.69422996
India,9/1/2020,0.6913235
India,9/2/2020,0.6899204
India,9/3/2020,0.69192487
India,9/4/2020,0.69583344
India,9/5/2020,0.70264846
India,9/6/2020,0.7143743
India,9/7/2020,0.7188843
India,9/8/2020,0.75035363
India,9/9/2020,0.7573691
India,9/10/2020,0.7702976
India,9/11/2020,0.7816225
India,9/12/2020,0.7928473
India,9/13/2020,0.7977581
India,9/14/2020,0.8097846
India,9/15/2020,0.8018671
India,9/16/2020,0.8194058
India,9/17/2020,0.81539696
India,9/18/2020,0.81188923
India,9/19/2020,0.8164994
India,9/20/2020,0.8184036
India,9/21/2020,0.81780225
India,9/22/2020,0.81770205
India,9/23/2020,0.79715675
India,9/24/2020,0.7968561
India,9/25/2020,0.7935488
India,9/26/2020,0.7777139
India,9/27/2020,0.77681196
India,9/28/2020,0.76769185
India,9/29/2020,0.7399306
India,9/30/2020,0.74935144
India,10/1/2020,0.7545629
India,10/2/2020,0.74995273
India,10/3/2020,0.74794835
India,10/4/2020,0.7295077
India,10/5/2020,0.71587765
India,10/6/2020,0.7267015
India,10/7/2020,0.7073589
India,10/8/2020,0.6863125
India,10/9/2020,0.67318356
India,10/10/2020,0.658852
India,10/11/2020,0.6566471
India,10/12/2020,0.6479279
India,10/13/2020,0.63008857
India,10/14/2020,0.60443205
India,10/15/2020,0.5752678
India,10/16/2020,0.5683525
India,10/17/2020,0.55943286
India,10/18/2020,0.57095826
India,10/19/2020,0.5472059
India,10/20/2020,0.53527963
India,10/21/2020,0.5339768
India,10/22/2020,0.5361816
India,10/23/2020,0.5156363
India,10/24/2020,0.49689505
India,10/25/2020,0.45129457
India,10/26/2020,0.4413727
India,10/27/2020,0.4314508
India,10/28/2020,0.41050467
India,10/29/2020,0.3919638
India,10/30/2020,0.37923574
India,10/31/2020,0.3693139
India,11/1/2020,0.35849005
India,11/2/2020,0.36009356
India,11/3/2020,0.360294
India,11/4/2020,0.36089534
India,11/5/2020,0.37963665
India,11/6/2020,0.39036027
India,11/7/2020,0.392966
India,11/8/2020,0.40188566
India,11/9/2020,0.40128434
India,11/10/2020,0.39707506
India,11/11/2020,0.39687464
India,11/12/2020,0.3814406
India,11/13/2020,0.36911345
India,11/14/2020,0.36340085
India,11/15/2020,0.35217613
India,11/16/2020,0.34666398
India,11/17/2020,0.3467642
India,11/18/2020,0.3429558
India,11/19/2020,0.34646353
India,11/20/2020,0.35017172
India,11/21/2020,0.35458142
India,11/22/2020,0.35999334
India,11/23/2020,0.36761013
India,11/24/2020,0.370717
India,11/25/2020,0.37141854
India,11/26/2020,0.36530507
India,11/27/2020,0.35608473
India,11/28/2020,0.3481673
India,11/29/2020,0.34766617
India,11/30/2020,0.34085116
India,12/1/2020,0.3410516
India,12/2/2020,0.34305602
India,12/3/2020,0.34325647
India,12/4/2020,0.34806708
India,12/5/2020,0.35077304
India,12/6/2020,0.34936994
India,12/7/2020,0.34415844
India,12/8/2020,0.33443704
India,12/9/2020,0.32451516
India,12/10/2020,0.31309
India,12/11/2020,0.30046216
India,12/12/2020,0.2934467
India,12/13/2020,0.28432658
India,12/14/2020,0.27881444
India,12/15/2020,0.2757076
India,12/16/2020,0.27420428
India,12/17/2020,0.2684917
India,12/18/2020,0.26087493
India,12/19/2020,0.25135392
India,12/20/2020,0.24634288
India,12/21/2020,0.24604222
India,12/22/2020,0.24073052
India,12/23/2020,0.23531859
India,12/24/2020,0.2310091
India,12/25/2020,0.23080866
India,12/26/2020,0.22118746
India,12/27/2020,0.21497376
India,12/28/2020,0.20956182
India,12/29/2020,0.20465101
India,12/30/2020,0.19994062
India,12/31/2020,0.19863775
India,1/1/2021,0.19062008
India,1/2/2021,0.18791412
India,1/3/2021,0.18170042
India,1/4/2021,0.17518607
India,1/5/2021,0.1700748
India,1/6/2021,0.16786996
India,1/7/2021,0.16015294
India,1/8/2021,0.15794809
India,1/9/2021,0.15834896
India,1/10/2021,0.15674543
India,1/11/2021,0.15143372
India,1/12/2021,0.14802621
India,1/13/2021,0.14181252
India,1/14/2021,0.13940722
India,1/15/2021,0.13509773
India,1/16/2021,0.12978601
India,1/17/2021,0.1277816
India,1/18/2021,0.12617807
India,1/19/2021,0.12317144
India,1/20/2021,0.11916261
India,1/21/2021,0.11445223
India,1/22/2021,0.11164604
India,1/23/2021,0.109340966
India,1/24/2021,0.10673522
India,1/25/2021,0.10533213
India,1/26/2021,0.103327714
India,1/27/2021,0.10082219
India,1/28/2021,0.09801601
India,1/29/2021,0.09801601
India,1/30/2021,0.09651269
India,1/31/2021,0.09370651
India,2/1/2021,0.092403635
India,2/2/2021,0.09009856
India,2/3/2021,0.0873926
India,2/4/2021,0.08578906
India,2/5/2021,0.081479564
India,2/6/2021,0.077270284
India,2/7/2021,0.072359465
India,2/8/2021,0.06895196
India,2/9/2021,0.06734842
India,2/10/2021,0.065744884
India,2/11/2021,0.06584511
India,2/12/2021,0.06253782
India,2/13/2021,0.06333958
India,2/14/2021,0.06474268
India,2/15/2021,0.065344006
India,2/16/2021,0.06564467
India,2/17/2021,0.066245995
India,2/18/2021,0.06554445
India,2/19/2021,0.066546656
India,2/20/2021,0.06634621
India,2/21/2021,0.06614577
India,2/22/2021,0.06544422
India,2/23/2021,0.06514356
India,2/24/2021,0.06554445
India,2/25/2021,0.06925262
India,2/26/2021,0.0715577
India,2/27/2021,0.07276035
India,2/28/2021,0.07506543
India,3/1/2021,0.07737051
India,3/2/2021,0.07867338
India,3/3/2021,0.078072056
India,3/4/2021,0.07316123
India,3/5/2021,0.07245968
India,3/6/2021,0.07195858
India,3/7/2021,0.07065571
India,3/8/2021,0.06975372
India,3/9/2021,0.06835063
India,3/10/2021,0.07185836
India,3/11/2021,0.07556653
India,3/12/2021,0.075967416
India,3/13/2021,0.07917448
India,3/14/2021,0.08528796
India,3/15/2021,0.0873926
India,3/16/2021,0.09280452
India,3/17/2021,0.09831667
India,3/18/2021,0.10292683
India,3/19/2021,0.106635004
India,3/20/2021,0.111445606
India,3/21/2021,0.11505356
India,3/22/2021,0.12447432
India,3/23/2021,0.13128933
India,3/24/2021,0.14000855
India,3/25/2021,0.147926
India,3/26/2021,0.15824875
India,3/27/2021,0.1685715
India,3/28/2021,0.1800969
India,3/29/2021,0.18801434
India,3/30/2021,0.19523025
India,3/31/2021,0.2031477
India,4/1/2021,0.22399363
India,4/2/2021,0.24524046
India,4/3/2021,0.2876339
India,4/4/2021,0.30777827
India,4/5/2021,0.32651958
India,4/6/2021,0.34405825
India,4/7/2021,0.37171918
India,4/8/2021,0.3943691
India,4/9/2021,0.4255378
India,4/10/2021,0.43355545
India,4/11/2021,0.46622747
India,4/12/2021,0.50892156
India,4/13/2021,0.5523172
India,4/14/2021,0.59210485
India,4/15/2021,0.62748283
India,4/16/2021,0.6680723
India,4/17/2021,0.7228931
India,4/18/2021,0.78923935
India,4/19/2021,0.86089724
India,4/20/2021,0.94929206
India,4/21/2021,1.0491121
India,4/22/2021,1.1559474
India,4/23/2021,1.2639855
India,4/24/2021,1.392569
India,4/25/2021,1.5194485
India,4/26/2021,1.639012
India,4/27/2021,1.7402351
India,4/28/2021,1.8675156
India,4/29/2021,2.021956
India,4/30/2021,2.1457288
India,5/1/2021,2.2358272
United Kingdom,1/28/2020,0
United Kingdom,1/29/2020,0
United Kingdom,1/30/2020,0
United Kingdom,1/31/2020,0
United Kingdom,2/1/2020,0.002095317
United Kingdom,2/2/2020,0.002095317
United Kingdom,2/3/2020,0.002095317
United Kingdom,2/4/2020,0.004190633
United Kingdom,2/5/2020,0.004190633
United Kingdom,2/6/2020,0.004190633
United Kingdom,2/7/2020,0.004190633
United Kingdom,2/8/2020,0.002095317
United Kingdom,2/9/2020,0.002095317
United Kingdom,2/10/2020,0.002095317
United Kingdom,2/11/2020,0
United Kingdom,2/12/2020,0
United Kingdom,2/13/2020,0
United Kingdom,2/14/2020,0
United Kingdom,2/15/2020,0
United Kingdom,2/16/2020,0
United Kingdom,2/17/2020,0
United Kingdom,2/18/2020,0
United Kingdom,2/19/2020,0
United Kingdom,2/20/2020,0
United Kingdom,2/21/2020,0
United Kingdom,2/22/2020,0
United Kingdom,2/23/2020,0
United Kingdom,2/24/2020,0.002095317
United Kingdom,2/25/2020,0.002095317
United Kingdom,2/26/2020,0.002095317
United Kingdom,2/27/2020,0.002095317
United Kingdom,2/28/2020,0.002095317
United Kingdom,2/29/2020,0.002095317
United Kingdom,3/1/2020,0.002095317
United Kingdom,3/2/2020,0
United Kingdom,3/3/2020,0
United Kingdom,3/4/2020,0.002095317
United Kingdom,3/5/2020,0.002095317
United Kingdom,3/6/2020,0.004190633
United Kingdom,3/7/2020,0.008381266
United Kingdom,3/8/2020,0.012571899
United Kingdom,3/9/2020,0.012571899
United Kingdom,3/10/2020,0.016762532
United Kingdom,3/11/2020,0.025143798
United Kingdom,3/12/2020,0.03142975
United Kingdom,3/13/2020,0.044001646
United Kingdom,3/14/2020,0.06705013
United Kingdom,3/15/2020,0.09638456
United Kingdom,3/16/2020,0.14038621
United Kingdom,3/17/2020,0.19905506
United Kingdom,3/18/2020,0.29334432
United Kingdom,3/19/2020,0.4085867
United Kingdom,3/20/2020,0.5468776
United Kingdom,3/21/2020,0.6851685
United Kingdom,3/22/2020,0.8988908
United Kingdom,3/23/2020,1.1545194
United Kingdom,3/24/2020,1.4751028
United Kingdom,3/25/2020,1.8019722
United Kingdom,3/26/2020,2.231512
United Kingdom,3/27/2020,2.7846756
United Kingdom,3/28/2020,3.4782255
United Kingdom,3/29/2020,4.2011094
United Kingdom,3/30/2020,4.9826627
United Kingdom,3/31/2020,5.82498
United Kingdom,4/1/2020,6.8810196
United Kingdom,4/2/2020,8.0627775
United Kingdom,4/3/2020,9.288538
United Kingdom,4/4/2020,10.537347
United Kingdom,4/5/2020,11.779869
United Kingdom,4/6/2020,13.099918
United Kingdom,4/7/2020,14.4283495
United Kingdom,4/8/2020,15.388004
United Kingdom,4/9/2020,16.362326
United Kingdom,4/10/2020,17.48751
United Kingdom,4/11/2020,18.252302
United Kingdom,4/12/2020,18.80337
United Kingdom,4/13/2020,19.255959
United Kingdom,4/14/2020,19.584923
United Kingdom,4/15/2020,19.714832
United Kingdom,4/16/2020,19.63102
United Kingdom,4/17/2020,19.245481
United Kingdom,4/18/2020,19.13862
United Kingdom,4/19/2020,19.029665
United Kingdom,4/20/2020,18.66508
United Kingdom,4/21/2020,18.13287
United Kingdom,4/22/2020,17.984102
United Kingdom,4/23/2020,17.627897
United Kingdom,4/24/2020,17.263313
United Kingdom,4/25/2020,16.670338
United Kingdom,4/26/2020,16.11927
United Kingdom,4/27/2020,15.5535345
United Kingdom,4/28/2020,15.075802
United Kingdom,4/29/2020,14.461874
United Kingdom,4/30/2020,13.8709955
United Kingdom,5/1/2020,13.275926
United Kingdom,5/2/2020,12.737429
United Kingdom,5/3/2020,12.278555
United Kingdom,5/4/2020,11.8322525
United Kingdom,5/5/2020,11.344044
United Kingdom,5/6/2020,10.945933
United Kingdom,5/7/2020,10.614873
United Kingdom,5/8/2020,10.2167635
United Kingdom,5/9/2020,9.900371
United Kingdom,5/10/2020,9.445686
United Kingdom,5/11/2020,9.097864
United Kingdom,5/12/2020,8.7458515
United Kingdom,5/13/2020,8.224117
United Kingdom,5/14/2020,7.8029585
United Kingdom,5/15/2020,7.440469
United Kingdom,5/16/2020,7.096837
United Kingdom,5/17/2020,6.7888255
United Kingdom,5/18/2020,6.5373874
United Kingdom,5/19/2020,6.2943306
United Kingdom,5/20/2020,6.2524242
United Kingdom,5/21/2020,6.1057525
United Kingdom,5/22/2020,5.8941255
United Kingdom,5/23/2020,5.636401
United Kingdom,5/24/2020,5.3828683
United Kingdom,5/25/2020,5.1000004
United Kingdom,5/26/2020,4.89885
United Kingdom,5/27/2020,4.6306496
United Kingdom,5/28/2020,4.479787
United Kingdom,5/29/2020,4.3289237
United Kingdom,5/30/2020,4.215777
United Kingdom,5/31/2020,4.1193924
United Kingdom,6/1/2020,3.9831967
United Kingdom,6/2/2020,3.8029995
United Kingdom,6/3/2020,3.635374
United Kingdom,6/4/2020,3.4970832
United Kingdom,6/5/2020,3.3336484
United Kingdom,6/6/2020,3.1136403
United Kingdom,6/7/2020,2.966968
United Kingdom,6/8/2020,2.8244867
United Kingdom,6/9/2020,2.7574365
United Kingdom,6/10/2020,2.6778145
United Kingdom,6/11/2020,2.476664
United Kingdom,6/12/2020,2.3991375
United Kingdom,6/13/2020,2.2692277
United Kingdom,6/14/2020,2.1665573
United Kingdom,6/15/2020,2.0617914
United Kingdom,6/16/2020,2.0052178
United Kingdom,6/17/2020,1.8920708
United Kingdom,6/18/2020,1.8564504
United Kingdom,6/19/2020,1.7286361
United Kingdom,6/20/2020,1.6615859
United Kingdom,6/21/2020,1.5631061
United Kingdom,6/22/2020,1.5337716
United Kingdom,6/23/2020,1.4164339
United Kingdom,6/24/2020,1.3661463
United Kingdom,6/25/2020,1.3179541
United Kingdom,6/26/2020,1.3095728
United Kingdom,6/27/2020,1.3493838
United Kingdom,6/28/2020,1.330526
United Kingdom,6/29/2020,1.3011916
United Kingdom,6/30/2020,1.2802384
United Kingdom,7/1/2020,1.250904
United Kingdom,7/2/2020,1.2173789
United Kingdom,7/3/2020,1.118899
United Kingdom,7/4/2020,1.0204191
United Kingdom,7/5/2020,0.9554643
United Kingdom,7/6/2020,0.91146266
United Kingdom,7/7/2020,0.873747
United Kingdom,7/8/2020,0.8423172
United Kingdom,7/9/2020,0.7626952
United Kingdom,7/10/2020,0.748028
United Kingdom,7/11/2020,0.748028
United Kingdom,7/12/2020,0.73964673
United Kingdom,7/13/2020,0.7103123
United Kingdom,7/14/2020,0.66840595
United Kingdom,7/15/2020,0.6495481
United Kingdom,7/16/2020,0.6474528
United Kingdom,7/17/2020,0.6348809
United Kingdom,7/18/2020,0.55106825
United Kingdom,7/19/2020,0.53011507
United Kingdom,7/20/2020,0.51544785
United Kingdom,7/21/2020,0.49868533
United Kingdom,7/22/2020,0.4693509
United Kingdom,7/23/2020,0.4463024
United Kingdom,7/24/2020,0.4316352
United Kingdom,7/25/2020,0.46306494
United Kingdom,7/26/2020,0.4316352
United Kingdom,7/27/2020,0.41487268
United Kingdom,7/28/2020,0.4316352
United Kingdom,7/29/2020,0.4043961
United Kingdom,7/30/2020,0.3939195
United Kingdom,7/31/2020,0.3813476
United Kingdom,8/1/2020,0.34153658
United Kingdom,8/2/2020,0.36668038
United Kingdom,8/3/2020,0.36039445
United Kingdom,8/4/2020,0.32896468
United Kingdom,8/5/2020,0.33944127
United Kingdom,8/6/2020,0.34153658
United Kingdom,8/7/2020,0.31010684
United Kingdom,8/8/2020,0.31848812
United Kingdom,8/9/2020,0.30382088
United Kingdom,8/10/2020,0.30801153
United Kingdom,8/11/2020,0.31220216
United Kingdom,8/12/2020,0.31639278
United Kingdom,8/13/2020,0.30172557
United Kingdom,8/14/2020,0.32477406
United Kingdom,8/15/2020,0.32896468
United Kingdom,8/16/2020,0.31639278
United Kingdom,8/17/2020,0.31848812
United Kingdom,8/18/2020,0.31010684
United Kingdom,8/19/2020,0.30172557
United Kingdom,8/20/2020,0.291249
United Kingdom,8/21/2020,0.26820052
United Kingdom,8/22/2020,0.2535333
United Kingdom,8/23/2020,0.23677076
United Kingdom,8/24/2020,0.21372229
United Kingdom,8/25/2020,0.21791291
United Kingdom,8/26/2020,0.19276913
United Kingdom,8/27/2020,0.20743634
United Kingdom,8/28/2020,0.21372229
United Kingdom,8/29/2020,0.20534101
United Kingdom,8/30/2020,0.20953165
United Kingdom,8/31/2020,0.20115039
United Kingdom,9/1/2020,0.18857849
United Kingdom,9/2/2020,0.20743634
United Kingdom,9/3/2020,0.18438785
United Kingdom,9/4/2020,0.18229254
United Kingdom,9/5/2020,0.17600659
United Kingdom,9/6/2020,0.18229254
United Kingdom,9/7/2020,0.19486444
United Kingdom,9/8/2020,0.19905506
United Kingdom,9/9/2020,0.21162696
United Kingdom,9/10/2020,0.22210355
United Kingdom,9/11/2020,0.22000824
United Kingdom,9/12/2020,0.23467545
United Kingdom,9/13/2020,0.24305671
United Kingdom,9/14/2020,0.26191455
United Kingdom,9/15/2020,0.27658176
United Kingdom,9/16/2020,0.27029583
United Kingdom,9/17/2020,0.291249
United Kingdom,9/18/2020,0.32686937
United Kingdom,9/19/2020,0.37296635
United Kingdom,9/20/2020,0.3960148
United Kingdom,9/21/2020,0.40020546
United Kingdom,9/22/2020,0.4421118
United Kingdom,9/23/2020,0.46096963
United Kingdom,9/24/2020,0.48820874
United Kingdom,9/25/2020,0.5447823
United Kingdom,9/26/2020,0.53640103
United Kingdom,9/27/2020,0.5573542
United Kingdom,9/28/2020,0.60345113
United Kingdom,9/29/2020,0.63697624
United Kingdom,9/30/2020,0.6893591
United Kingdom,10/1/2020,0.70821697
United Kingdom,10/2/2020,0.71450293
United Kingdom,10/3/2020,0.7920296
United Kingdom,10/4/2020,0.8632704
United Kingdom,10/5/2020,0.91146266
United Kingdom,10/6/2020,0.9261299
United Kingdom,10/7/2020,0.953369
United Kingdom,10/8/2020,1.0288004
United Kingdom,10/9/2020,1.1314709
United Kingdom,10/10/2020,1.1859491
United Kingdom,10/11/2020,1.2320461
United Kingdom,10/12/2020,1.3095728
United Kingdom,10/13/2020,1.4457684
United Kingdom,10/14/2020,1.5547248
United Kingdom,10/15/2020,1.6280609
United Kingdom,10/16/2020,1.6532047
United Kingdom,10/17/2020,1.7684472
United Kingdom,10/18/2020,1.906738
United Kingdom,10/19/2020,2.072268
United Kingdom,10/20/2020,2.1539853
United Kingdom,10/21/2020,2.3069434
United Kingdom,10/22/2020,2.4976172
United Kingdom,10/23/2020,2.728102
United Kingdom,10/24/2020,2.9166806
United Kingdom,10/25/2020,3.0486856
United Kingdom,10/26/2020,3.117831
United Kingdom,10/27/2020,3.302219
United Kingdom,10/28/2020,3.488702
United Kingdom,10/29/2020,3.6458507
United Kingdom,10/30/2020,3.7485213
United Kingdom,10/31/2020,3.9119558
United Kingdom,11/1/2020,4.178061
United Kingdom,11/2/2020,4.4315944
United Kingdom,11/3/2020,4.6495075
United Kingdom,11/4/2020,4.766845
United Kingdom,11/5/2020,4.9596143
United Kingdom,11/6/2020,5.0832376
United Kingdom,11/7/2020,5.223624
United Kingdom,11/8/2020,5.3598194
United Kingdom,11/9/2020,5.521159
United Kingdom,11/10/2020,5.674117
United Kingdom,11/11/2020,5.9947004
United Kingdom,11/12/2020,6.063846
United Kingdom,11/13/2020,6.2084227
United Kingdom,11/14/2020,6.2985215
United Kingdom,11/15/2020,6.3676667
United Kingdom,11/16/2020,6.4556704
United Kingdom,11/17/2020,6.5059576
United Kingdom,11/18/2020,6.3802385
United Kingdom,11/19/2020,6.497576
United Kingdom,11/20/2020,6.7175846
United Kingdom,11/21/2020,6.832827
United Kingdom,11/22/2020,6.906163
United Kingdom,11/23/2020,6.9878807
United Kingdom,11/24/2020,7.1052184
United Kingdom,11/25/2020,7.2644625
United Kingdom,11/26/2020,7.327322
United Kingdom,11/27/2020,7.2958922
United Kingdom,11/28/2020,7.2456045
United Kingdom,11/29/2020,7.1911263
United Kingdom,11/30/2020,7.161792
United Kingdom,12/1/2020,7.1387434
United Kingdom,12/2/2020,7.0507402
United Kingdom,12/3/2020,6.8956866
United Kingdom,12/4/2020,6.7175846
United Kingdom,12/5/2020,6.805588
United Kingdom,12/6/2020,6.8873053
United Kingdom,12/7/2020,6.725966
United Kingdom,12/8/2020,6.5897703
United Kingdom,12/9/2020,6.5918655
United Kingdom,12/10/2020,6.6966314
United Kingdom,12/11/2020,6.7678723
United Kingdom,12/12/2020,6.7532053
United Kingdom,12/13/2020,6.738538
United Kingdom,12/14/2020,6.9082584
United Kingdom,12/15/2020,7.0004525
United Kingdom,12/16/2020,7.084265
United Kingdom,12/17/2020,7.1555057
United Kingdom,12/18/2020,7.230937
United Kingdom,12/19/2020,7.3797045
United Kingdom,12/20/2020,7.5787597
United Kingdom,12/21/2020,7.7044787
United Kingdom,12/22/2020,7.851151
United Kingdom,12/23/2020,8.050206
United Kingdom,12/24/2020,8.305835
United Kingdom,12/25/2020,8.609655
United Kingdom,12/26/2020,8.712326
United Kingdom,12/27/2020,8.856903
United Kingdom,12/28/2020,9.156533
United Kingdom,12/29/2020,9.506451
United Kingdom,12/30/2020,9.759984
United Kingdom,12/31/2020,9.935991
United Kingdom,1/1/2021,10.210477
United Kingdom,1/2/2021,10.642113
United Kingdom,1/3/2021,10.960601
United Kingdom,1/4/2021,11.256041
United Kingdom,1/5/2021,11.442523
United Kingdom,1/6/2021,11.807109
United Kingdom,1/7/2021,12.353986
United Kingdom,1/8/2021,12.884101
United Kingdom,1/9/2021,13.368119
United Kingdom,1/10/2021,13.881472
United Kingdom,1/11/2021,14.424159
United Kingdom,1/12/2021,15.191045
United Kingdom,1/13/2021,15.920215
United Kingdom,1/14/2021,16.643099
United Kingdom,1/15/2021,17.257027
United Kingdom,1/16/2021,17.860477
United Kingdom,1/17/2021,18.426214
United Kingdom,1/18/2021,19.105095
United Kingdom,1/19/2021,19.499016
United Kingdom,1/20/2021,19.821693
United Kingdom,1/21/2021,20.175802
United Kingdom,1/22/2021,20.335047
United Kingdom,1/23/2021,20.347618
United Kingdom,1/24/2021,20.372763
United Kingdom,1/25/2021,20.10456
United Kingdom,1/26/2021,19.851028
United Kingdom,1/27/2021,19.566065
United Kingdom,1/28/2021,18.90604
United Kingdom,1/29/2021,18.591743
United Kingdom,1/30/2021,18.334019
United Kingdom,1/31/2021,17.961054
United Kingdom,2/1/2021,17.41208
United Kingdom,2/2/2021,16.898727
United Kingdom,2/3/2021,16.356041
United Kingdom,2/4/2021,15.916024
United Kingdom,2/5/2021,15.379623
United Kingdom,2/6/2021,14.545687
United Kingdom,2/7/2021,13.944331
United Kingdom,2/8/2021,13.445646
United Kingdom,2/9/2021,12.93858
United Kingdom,2/10/2021,12.469229
United Kingdom,2/11/2021,11.964257
United Kingdom,2/12/2021,11.4089985
United Kingdom,2/13/2021,11.092606
United Kingdom,2/14/2021,10.602302
United Kingdom,2/15/2021,10.181143
United Kingdom,2/16/2021,9.866845
United Kingdom,2/17/2021,9.521118
United Kingdom,2/18/2021,9.200535
United Kingdom,2/19/2021,8.766805
United Kingdom,2/20/2021,8.444125
United Kingdom,2/21/2021,8.096303
United Kingdom,2/22/2021,7.8155303
United Kingdom,2/23/2021,7.415325
United Kingdom,2/24/2021,6.9208302
United Kingdom,2/25/2021,6.5248156
United Kingdom,2/26/2021,6.235662
United Kingdom,2/27/2021,5.8878393
United Kingdom,2/28/2021,5.5400167
United Kingdom,3/1/2021,5.2382913
United Kingdom,3/2/2021,4.9638047
United Kingdom,3/3/2021,4.791989
United Kingdom,3/4/2021,4.5070257
United Kingdom,3/5/2021,4.196919
United Kingdom,3/6/2021,3.9433856
United Kingdom,3/7/2021,3.773665
United Kingdom,3/8/2021,3.5662286
United Kingdom,3/9/2021,3.3923173
United Kingdom,3/10/2021,3.184881
United Kingdom,3/11/2021,3.0612574
United Kingdom,3/12/2021,2.9418244
United Kingdom,3/13/2021,2.8140101
United Kingdom,3/14/2021,2.6317174
United Kingdom,3/15/2021,2.476664
United Kingdom,3/16/2021,2.3530405
United Kingdom,3/17/2021,2.231512
United Kingdom,3/18/2021,2.0848398
United Kingdom,3/19/2021,2.0135992
United Kingdom,3/20/2021,1.860641
United Kingdom,3/21/2021,1.7956862
United Kingdom,3/22/2021,1.7244455
United Kingdom,3/23/2021,1.701397
United Kingdom,3/24/2021,1.6343468
United Kingdom,3/25/2021,1.5945358
United Kingdom,3/26/2021,1.4751028
United Kingdom,3/27/2021,1.4311012
United Kingdom,3/28/2021,1.370337
United Kingdom,3/29/2021,1.2949055
United Kingdom,3/30/2021,1.1335663
United Kingdom,3/31/2021,1.0581348
United Kingdom,4/1/2021,0.9764175
United Kingdom,4/2/2021,0.98270345
United Kingdom,4/3/2021,0.9491784
United Kingdom,4/4/2021,0.89679545
United Kingdom,4/5/2021,0.8486032
United Kingdom,4/6/2021,0.85488915
United Kingdom,4/7/2021,0.8004109
United Kingdom,4/8/2021,0.7773624
United Kingdom,4/9/2021,0.7207889
United Kingdom,4/10/2021,0.7165982
United Kingdom,4/11/2021,0.69145447
United Kingdom,4/12/2021,0.69354975
United Kingdom,4/13/2021,0.66840595
United Kingdom,4/14/2021,0.65373874
United Kingdom,4/15/2021,0.65792936
United Kingdom,4/16/2021,0.6348809
United Kingdom,4/17/2021,0.5971652
United Kingdom,4/18/2021,0.5845933
United Kingdom,4/19/2021,0.582498
United Kingdom,4/20/2021,0.56154484
United Kingdom,4/21/2021,0.5280198
United Kingdom,4/22/2021,0.502876
United Kingdom,4/23/2021,0.50497127
United Kingdom,4/24/2021,0.48401812
United Kingdom,4/25/2021,0.47773215
United Kingdom,4/26/2021,0.44001648
United Kingdom,4/27/2021,0.4316352
United Kingdom,4/28/2021,0.4295399
United Kingdom,4/29/2021,0.4085867
United Kingdom,4/30/2021,0.37715697
United Kingdom,5/1/2021,0.3436319
United States,1/28/2020,0
United States,1/29/2020,0
United States,1/30/2020,0
United States,1/31/2020,0
United States,2/1/2020,0
United States,2/2/2020,0
United States,2/3/2020,0
United States,2/4/2020,0
United States,2/5/2020,0
United States,2/6/2020,0
United States,2/7/2020,0
United States,2/8/2020,0
United States,2/9/2020,0
United States,2/10/2020,0
United States,2/11/2020,0
United States,2/12/2020,0
United States,2/13/2020,0
United States,2/14/2020,0
United States,2/15/2020,0
United States,2/16/2020,0
United States,2/17/2020,0
United States,2/18/2020,0
United States,2/19/2020,0
United States,2/20/2020,0
United States,2/21/2020,0
United States,2/22/2020,0
United States,2/23/2020,0
United States,2/24/2020,0
United States,2/25/2020,0
United States,2/26/2020,0
United States,2/27/2020,0
United States,2/28/2020,0
United States,2/29/2020,0.000418281
United States,3/1/2020,0.000418281
United States,3/2/2020,0.000836562
United States,3/3/2020,0.000836562
United States,3/4/2020,0.003346247
United States,3/5/2020,0.00460109
United States,3/6/2020,0.005437652
United States,3/7/2020,0.006274213
United States,3/8/2020,0.007529056
United States,3/9/2020,0.00920218
United States,3/10/2020,0.010875303
United States,3/11/2020,0.010038741
United States,3/12/2020,0.011711865
United States,3/13/2020,0.015894674
United States,3/14/2020,0.017567797
United States,3/15/2020,0.020914044
United States,3/16/2020,0.024260292
United States,3/17/2020,0.030116225
United States,3/18/2020,0.037226997
United States,3/19/2020,0.046010897
United States,3/20/2020,0.0677615
United States,3/21/2020,0.09369492
United States,3/22/2020,0.12757567
United States,3/23/2020,0.16898547
United States,3/24/2020,0.21081357
United States,3/25/2020,0.27062774
United States,3/26/2020,0.34633657
United States,3/27/2020,0.44546914
United States,3/28/2020,0.55924153
United States,3/29/2020,0.7244625
United States,3/30/2020,0.9101792
United States,3/31/2020,1.1389788
United States,4/1/2020,1.334316
United States,4/2/2020,1.6576471
United States,4/3/2020,2.0006375
United States,4/4/2020,2.40637
United States,4/5/2020,2.7782216
United States,4/6/2020,3.18981
United States,4/7/2020,3.6950934
United States,4/8/2020,4.138471
United States,4/9/2020,4.6031814
United States,4/10/2020,5.06329
United States,4/11/2020,5.4476905
United States,4/12/2020,5.809503
United States,4/13/2020,6.0822225
United States,4/14/2020,6.07553
United States,4/15/2020,6.165042
United States,4/16/2020,6.306839
United States,4/17/2020,6.5201626
United States,4/18/2020,6.6100926
United States,4/19/2020,6.6498294
United States,4/20/2020,6.505941
United States,4/21/2020,6.562827
United States,4/22/2020,6.6347713
United States,4/23/2020,6.735577
United States,4/24/2020,6.522254
United States,4/25/2020,6.3294263
United States,4/26/2020,6.231967
United States,4/27/2020,6.2503715
United States,4/28/2020,6.058799
United States,4/29/2020,5.8128495
United States,4/30/2020,5.5777755
United States,5/1/2020,5.6597586
United States,5/2/2020,5.766002
United States,5/3/2020,5.70326
United States,5/4/2020,5.5848866
United States,5/5/2020,5.5334377
United States,5/6/2020,5.4422526
United States,5/7/2020,5.5773573
United States,5/8/2020,5.545568
United States,5/9/2020,5.4598203
United States,5/10/2020,5.3364277
United States,5/11/2020,5.2870703
United States,5/12/2020,5.145273
United States,5/13/2020,5.0461407
United States,5/14/2020,4.6692696
United States,5/15/2020,4.320423
United States,5/16/2020,4.282778
United States,5/17/2020,4.2371855
United States,5/18/2020,4.1317787
United States,5/19/2020,4.0707097
United States,5/20/2020,4.0339007
United States,5/21/2020,3.8858294
United States,5/22/2020,3.830198
United States,5/23/2020,3.4704766
United States,5/24/2020,3.5796478
United States,5/25/2020,3.453327
United States,5/26/2020,3.395186
United States,5/27/2020,3.2868512
United States,5/28/2020,3.1329238
United States,5/29/2020,3.095697
United States,5/30/2020,3.165968
United States,5/31/2020,2.8484929
United States,6/1/2020,2.8355262
United States,6/2/2020,2.7874238
United States,6/3/2020,2.789097
United States,6/4/2020,2.8405454
United States,6/5/2020,2.7305377
United States,6/6/2020,2.577447
United States,6/7/2020,2.5042477
United States,6/8/2020,2.4051151
United States,6/9/2020,2.3716526
United States,6/10/2020,2.4072065
United States,6/11/2020,2.3624504
United States,6/12/2020,2.3038912
United States,6/13/2020,2.305146
United States,6/14/2020,2.2461684
United States,6/15/2020,2.2528608
United States,6/16/2020,2.2093596
United States,6/17/2020,2.104371
United States,6/18/2020,2.0403743
United States,6/19/2020,1.9575546
United States,6/20/2020,1.8550757
United States,6/21/2020,1.8634413
United States,6/22/2020,1.8178487
United States,6/23/2020,1.7860594
United States,6/24/2020,1.7400485
United States,6/25/2020,1.7701647
United States,6/26/2020,1.7735109
United States,6/27/2020,2.5640619
United States,6/28/2020,2.543566
United States,6/29/2020,2.5506768
United States,6/30/2020,2.561552
United States,7/1/2020,2.5807931
United States,7/2/2020,2.5456574
United States,7/3/2020,2.5833027
United States,7/4/2020,1.818267
United States,7/5/2020,1.8617682
United States,7/6/2020,1.8391811
United States,7/7/2020,1.847965
United States,7/8/2020,1.9052694
United States,7/9/2020,2.0165322
United States,7/10/2020,2.1407616
United States,7/11/2020,2.2482598
United States,7/12/2020,2.312675
United States,7/13/2020,2.4590733
United States,7/14/2020,2.61802
United States,7/15/2020,2.6736515
United States,7/16/2020,2.6677954
United States,7/17/2020,2.6857815
United States,7/18/2020,2.7393215
United States,7/19/2020,2.7882605
United States,7/20/2020,2.836781
United States,7/21/2020,2.8752627
United States,7/22/2020,2.932149
United States,7/23/2020,3.0488493
United States,7/24/2020,3.0777109
United States,7/25/2020,3.146727
United States,7/26/2020,3.2316382
United States,7/27/2020,3.2914524
United States,7/28/2020,3.2993996
United States,7/29/2020,3.3282611
United States,7/30/2020,3.3157127
United States,7/31/2020,3.3106933
United States,8/1/2020,3.3717623
United States,8/2/2020,3.4073162
United States,8/3/2020,3.4140086
United States,8/4/2020,3.4018784
United States,8/5/2020,3.367161
United States,8/6/2020,3.3290975
United States,8/7/2020,3.3629782
United States,8/8/2020,3.2839231
United States,8/9/2020,3.2621727
United States,8/10/2020,3.2115607
United States,8/11/2020,3.2023585
United States,8/12/2020,3.1780982
United States,8/13/2020,3.1889734
United States,8/14/2020,3.21658
United States,8/15/2020,3.2098875
United States,8/16/2020,3.0969517
United States,8/17/2020,3.0588882
United States,8/18/2020,3.054287
United States,8/19/2020,2.9881988
United States,8/20/2020,2.917091
United States,8/21/2020,2.8911574
United States,8/22/2020,2.8095927
United States,8/23/2020,2.7928615
United States,8/24/2020,2.8154488
United States,8/25/2020,2.7932796
United States,8/26/2020,2.7711108
United States,8/27/2020,2.7510333
United States,8/28/2020,2.6665406
United States,8/29/2020,2.6414437
United States,8/30/2020,2.6531556
United States,8/31/2020,2.5833027
United States,9/1/2020,2.5335274
United States,9/2/2020,2.5205607
United States,9/3/2020,2.512195
United States,9/4/2020,2.437741
United States,9/5/2020,2.4410872
United States,9/6/2020,2.3862925
United States,9/7/2020,2.3703978
United States,9/8/2020,2.3570127
United States,9/9/2020,2.3001266
United States,9/10/2020,2.1717143
United States,9/11/2020,2.147454
United States,9/12/2020,2.0989335
United States,9/13/2020,2.081784
United States,9/14/2020,2.023643
United States,9/15/2020,2.0382829
United States,9/16/2020,2.0140226
United States,9/17/2020,2.1177561
United States,9/18/2020,2.2319467
United States,9/19/2020,2.1901188
United States,9/20/2020,2.165022
United States,9/21/2020,2.1700413
United States,9/22/2020,2.071327
United States,9/23/2020,2.145781
United States,9/24/2020,2.0868034
United States,9/25/2020,2.0048203
United States,9/26/2020,2.0081666
United States,9/27/2020,1.9977095
United States,9/28/2020,1.9935267
United States,9/29/2020,2.0010557
United States,9/30/2020,1.9437513
United States,10/1/2020,2.000219
United States,10/2/2020,1.9094522
United States,10/3/2020,1.9065243
United States,10/4/2020,1.9604825
United States,10/5/2020,1.9190727
United States,10/6/2020,1.9592277
United States,10/7/2020,2.004402
United States,10/8/2020,1.9374771
United States,10/9/2020,1.977632
United States,10/10/2020,1.9784685
United States,10/11/2020,1.9303663
United States,10/12/2020,1.9788868
United States,10/13/2020,1.9684298
United States,10/14/2020,1.9638288
United States,10/15/2020,1.9709395
United States,10/16/2020,1.9872525
United States,10/17/2020,1.9713578
United States,10/18/2020,2.0081666
United States,10/19/2020,2.013186
United States,10/20/2020,2.0801108
United States,10/21/2020,2.1282132
United States,10/22/2020,2.1863542
United States,10/23/2020,2.2859051
United States,10/24/2020,2.3775086
United States,10/25/2020,2.3938215
United States,10/26/2020,2.4536357
United States,10/27/2020,2.3984227
United States,10/28/2020,2.4277022
United States,10/29/2020,2.4716218
United States,10/30/2020,2.473295
United States,10/31/2020,2.5544415
United States,11/1/2020,2.5498402
United States,11/2/2020,2.594178
United States,11/3/2020,2.6389341
United States,11/4/2020,2.6623578
United States,11/5/2020,2.7188258
United States,11/6/2020,2.8171217
United States,11/7/2020,2.8660607
United States,11/8/2020,3.0132954
United States,11/9/2020,3.0772924
United States,11/10/2020,3.1500733
United States,11/11/2020,3.2303834
United States,11/12/2020,3.499338
United States,11/13/2020,3.5913596
United States,11/14/2020,3.6415534
United States,11/15/2020,3.6461544
United States,11/16/2020,3.8038464
United States,11/17/2020,3.8644972
United States,11/18/2020,3.901306
United States,11/19/2020,3.8665886
United States,11/20/2020,3.998347
United States,11/21/2020,4.238022
United States,11/22/2020,4.5257993
United States,11/23/2020,4.631206
United States,11/24/2020,4.7466516
United States,11/25/2020,4.9118724
United States,11/26/2020,5.03652
United States,11/27/2020,5.2272563
United States,11/28/2020,5.124359
United States,11/29/2020,4.9984565
United States,11/30/2020,4.9072714
United States,12/1/2020,4.8980694
United States,12/2/2020,4.9537005
United States,12/3/2020,5.158658
United States,12/4/2020,5.3539953
United States,12/5/2020,5.799883
United States,12/6/2020,6.190975
United States,12/7/2020,6.5548797
United States,12/8/2020,6.683292
United States,12/9/2020,6.861898
United States,12/10/2020,6.938025
United States,12/11/2020,7.1751904
United States,12/12/2020,7.1605506
United States,12/13/2020,7.4094276
United States,12/14/2020,7.4361978
United States,12/15/2020,7.624006
United States,12/16/2020,7.6164765
United States,12/17/2020,7.698878
United States,12/18/2020,7.726485
United States,12/19/2020,7.991256
United States,12/20/2020,7.8912873
United States,12/21/2020,8.011333
United States,12/22/2020,8.033503
United States,12/23/2020,8.106283
United States,12/24/2020,8.161915
United States,12/25/2020,8.098755
United States,12/26/2020,7.9661593
United States,12/27/2020,7.6683435
United States,12/28/2020,7.217855
United States,12/29/2020,7.1396365
United States,12/30/2020,7.160969
United States,12/31/2020,7.353378
United States,1/1/2021,7.5729756
United States,1/2/2021,7.8795753
United States,1/3/2021,8.219219
United States,1/4/2021,8.5262375
United States,1/5/2021,8.585216
United States,1/6/2021,8.522055
United States,1/7/2021,8.5827055
United States,1/8/2021,8.621187
United States,1/9/2021,8.714882
United States,1/10/2021,8.991784
United States,1/11/2021,9.421359
United States,1/12/2021,9.6351
United States,1/13/2021,9.846333
United States,1/14/2021,9.889833
United States,1/15/2021,9.97809
United States,1/16/2021,9.887742
United States,1/17/2021,9.750964
United States,1/18/2021,9.808687
United States,1/19/2021,9.82751
United States,1/20/2021,9.708717
United States,1/21/2021,9.34816
United States,1/22/2021,9.247772
United States,1/23/2021,9.285835
United States,1/24/2021,9.409228
United States,1/25/2021,9.210127
United States,1/26/2021,9.158678
United States,1/27/2021,9.069585
United States,1/28/2021,9.420104
United States,1/29/2021,9.471971
United States,1/30/2021,9.479081
United States,1/31/2021,9.306332
United States,2/1/2021,9.203434
United States,2/2/2021,9.125634
United States,2/3/2021,9.205944
United States,2/4/2021,8.942845
United States,2/5/2021,8.662597
United States,2/6/2021,8.351814
United States,2/7/2021,8.407446
United States,2/8/2021,8.397408
United States,2/9/2021,8.179901
United States,2/10/2021,7.9452453
United States,2/11/2021,7.7457256
United States,2/12/2021,7.5503883
United States,2/13/2021,7.6026735
United States,2/14/2021,8.297856
United States,2/15/2021,8.512434
United States,2/16/2021,8.429196
United States,2/17/2021,8.31166
United States,2/18/2021,7.867027
United States,2/19/2021,7.6026735
United States,2/20/2021,7.182301
United States,2/21/2021,6.0366297
United States,2/22/2021,5.418829
United States,2/23/2021,5.39917
United States,2/24/2021,5.4409976
United States,2/25/2021,5.571083
United States,2/26/2021,5.484917
United States,2/27/2021,5.7371407
United States,2/28/2021,5.5882325
United States,3/1/2021,5.5024853
United States,3/2/2021,5.2937627
United States,3/3/2021,5.225165
United States,3/4/2021,4.9783792
United States,3/5/2021,4.945335
United States,3/6/2021,4.38693
United States,3/7/2021,4.3693624
United States,3/8/2021,4.220036
United States,3/9/2021,4.1652412
United States,3/10/2021,3.9473166
United States,3/11/2021,3.9778512
United States,3/12/2021,3.8440013
United States,3/13/2021,3.7611818
United States,3/14/2021,3.5800662
United States,3/15/2021,3.4466345
United States,3/16/2021,3.344574
United States,3/17/2021,3.2989814
United States,3/18/2021,3.1534195
United States,3/19/2021,2.9438608
United States,3/20/2021,2.7928615
United States,3/21/2021,2.6201115
United States,3/22/2021,2.5197241
United States,3/23/2021,2.4787326
United States,3/24/2021,2.5812113
United States,3/25/2021,2.5393832
United States,3/26/2021,2.5607157
United States,3/27/2021,2.5711727
United States,3/28/2021,2.5561144
United States,3/29/2021,2.6117458
United States,3/30/2021,2.6389341
United States,3/31/2021,2.4758046
United States,4/1/2021,2.4657657
United States,4/2/2021,2.391312
United States,4/3/2021,2.3222954
United States,4/4/2021,2.2386394
United States,4/5/2021,2.1788251
United States,4/6/2021,2.142853
United States,4/7/2021,2.0650527
United States,4/8/2021,2.0734184
United States,4/9/2021,2.0202966
United States,4/10/2021,2.041629
United States,4/11/2021,2.050831
United States,4/12/2021,2.0642161
United States,4/13/2021,2.0374463
United States,4/14/2021,2.1089723
United States,4/15/2021,2.1098087
United States,4/16/2021,2.0934958
United States,4/17/2021,2.0629613
United States,4/18/2021,2.0391192
United States,4/19/2021,1.9918536
United States,4/20/2021,2.0048203
United States,4/21/2021,1.9755406
United States,4/22/2021,1.9734492
United States,4/23/2021,1.967175
United States,4/24/2021,1.9629922
United States,4/25/2021,1.974704
United States,4/26/2021,1.9859977
United States,4/27/2021,1.9592277
United States,4/28/2021,1.9609008
United States,4/29/2021,1.8772446
United States,4/30/2021,1.9044329
United States,5/1/2021,1.8914661
